league,season,team,player,nation,pos,age,born,Playing Time,Playing Time,Playing Time,Playing Time,Performance,Performance,Performance,Performance,Performance,Performance,Performance,Performance,Expected,Expected,Expected,Expected,Progression,Progression,Progression,Per 90 Minutes,Per 90 Minutes,Per 90 Minutes,Per 90 Minutes,Per 90 Minutes,Per 90 Minutes,Per 90 Minutes,Per 90 Minutes,Per 90 Minutes,Per 90 Minutes
,,,,,,,,MP,Starts,Min,90s,Gls,Ast,G+A,G-PK,PK,PKatt,CrdY,CrdR,xG,npxG,xAG,npxG+xAG,PrgC,PrgP,PrgR,Gls,Ast,G+A,G-PK,G+A-PK,xG,xAG,xG+xAG,npxG,npxG+xAG
ENG-Premier League,2526,Arsenal,Ben White,ENG,DF,28-031,1997,1,1,70,0.8,0,0,0,0,0,0,0,0,0.0,0.0,0.0,0.1,1,4,0,0.0,0.0,0.0,0.0,0.0,0.02,0.06,0.07,0.02,0.07
ENG-Premier League,2526,Arsenal,Bukayo Saka,ENG,FW,24-064,2001,8,7,591,6.6,2,0,2,1,1,1,0,0,1.9,1.1,1.6,2.7,29,13,83,0.3,0.0,0.3,0.15,0.15,0.29,0.24,0.53,0.17,0.41
ENG-Premier League,2526,Arsenal,Christian Nørgaard,DEN,MF,31-243,1994,2,0,15,0.2,0,0,0,0,0,0,0,0,0.1,0.1,0.0,0.1,0,1,0,0.0,0.0,0.0,0.0,0.0,0.31,0.0,0.31,0.31,0.31
ENG-Premier League,2526,Arsenal,Cristhian Mosquera,ESP,DF,21-134,2004,6,2,294,3.3,0,0,0,0,0,0,0,0,0.0,0.0,0.1,0.1,2,6,1,0.0,0.0,0.0,0.0,0.0,0.0,0.02,0.02,0.0,0.02
ENG-Premier League,2526,Arsenal,David Raya,ESP,GK,30-054,1995,10,10,900,10.0,0,0,0,0,0,0,1,0,0.0,0.0,0.1,0.1,0,4,0,0.0,0.0,0.0,0.0,0.0,0.0,0.01,0.01,0.0,0.01
ENG-Premier League,2526,Arsenal,Declan Rice,ENG,MF,26-298,1999,10,9,804,8.9,2,2,4,2,0,0,0,0,0.9,0.9,1.7,2.6,25,64,21,0.22,0.22,0.45,0.22,0.45,0.11,0.18,0.29,0.11,0.29
ENG-Premier League,2526,Arsenal,Eberechi Eze,ENG,"MF,FW",27-132,1998,8,6,531,5.9,1,2,3,1,0,0,0,0,1.3,1.3,0.8,2.1,14,29,33,0.17,0.34,0.51,0.17,0.51,0.22,0.13,0.35,0.22,0.35
ENG-Premier League,2526,Arsenal,Ethan Nwaneri,ENG,MF,18-232,2007,5,0,168,1.9,0,0,0,0,0,0,0,0,0.2,0.2,0.0,0.3,7,13,6,0.0,0.0,0.0,0.0,0.0,0.12,0.02,0.15,0.12,0.15
ENG-Premier League,2526,Arsenal,Gabriel Magalhães,BRA,DF,27-324,1997,10,10,900,10.0,1,2,3,1,0,0,1,0,0.8,0.8,1.3,2.1,6,36,1,0.1,0.2,0.3,0.1,0.3,0.08,0.13,0.21,0.08,0.21
ENG-Premier League,2526,Arsenal,Gabriel Martinelli,BRA,"FW,MF",24-143,2001,8,2,220,2.4,1,0,1,1,0,0,0,0,0.8,0.8,0.1,0.9,7,5,10,0.41,0.0,0.41,0.41,0.41,0.32,0.05,0.37,0.32,0.37
ENG-Premier League,2526,Arsenal,Jurriën Timber,NED,DF,24-144,2001,10,9,792,8.8,2,1,3,2,0,0,2,0,2.0,2.0,0.6,2.5,14,53,41,0.23,0.11,0.34,0.23,0.34,0.22,0.07,0.29,0.22,0.29
ENG-Premier League,2526,Arsenal,Kai Havertz,GER,FW,26-150,1999,1,0,31,0.3,0,0,0,0,0,0,0,0,0.0,0.0,0.0,0.0,1,2,2,0.0,0.0,0.0,0.0,0.0,0.0,0.0,0.0,0.0,0.0
ENG-Premier League,2526,Arsenal,Leandro Trossard,BEL,FW,30-339,1994,8,6,553,6.1,1,2,3,1,0,0,0,0,1.7,1.7,0.6,2.4,16,21,60,0.16,0.33,0.49,0.16,0.49,0.28,0.11,0.38,0.28,0.38
ENG-Premier League,2526,Arsenal,Martin Ødegaard,NOR,MF,26-326,1998,6,4,203,2.3,0,1,1,0,0,0,0,0,0.1,0.1,0.5,0.6,10,26,5,0.0,0.44,0.44,0.0,0.44,0.06,0.2,0.27,0.06,0.27
ENG-Premier League,2526,Arsenal,Martín Zubimendi,ESP,MF,26-279,1999,10,9,847,9.4,2,0,2,2,0,0,1,0,0.3,0.3,0.7,0.9,9,57,8,0.21,0.0,0.21,0.21,0.21,0.03,0.07,0.1,0.03,0.1
ENG-Premier League,2526,Arsenal,Max Dowman,ENG,FW,15-312,2009,2,0,29,0.3,0,0,0,0,0,0,0,0,0.1,0.1,0.0,0.1,4,0,6,0.0,0.0,0.0,0.0,0.0,0.43,0.0,0.43,0.43,0.43
ENG-Premier League,2526,Arsenal,Mikel Merino,ESP,"MF,FW",29-139,1996,9,3,328,3.6,1,0,1,1,0,0,0,0,0.3,0.3,0.1,0.5,6,14,13,0.27,0.0,0.27,0.27,0.27,0.09,0.04,0.13,0.09,0.13
ENG-Premier League,2526,Arsenal,Myles Lewis-Skelly,ENG,DF,19-043,2006,7,0,92,1.0,0,0,0,0,0,0,1,0,0.0,0.0,0.0,0.0,1,2,6,0.0,0.0,0.0,0.0,0.0,0.0,0.0,0.0,0.0,0.0
ENG-Premier League,2526,Arsenal,Noni Madueke,ENG,FW,23-243,2002,5,4,304,3.4,0,0,0,0,0,0,0,0,0.3,0.3,0.8,1.1,18,9,44,0.0,0.0,0.0,0.0,0.0,0.09,0.25,0.34,0.09,0.34
ENG-Premier League,2526,Arsenal,Piero Hincapié,ECU,DF,23-303,2002,2,0,28,0.3,0,0,0,0,0,0,0,0,0.0,0.0,0.0,0.0,2,1,0,0.0,0.0,0.0,0.0,0.0,0.0,0.0,0.0,0.0,0.0
ENG-Premier League,2526,Arsenal,Riccardo Calafiori,ITA,DF,23-173,2002,10,10,766,8.5,1,2,3,1,0,0,3,0,2.0,2.0,0.5,2.5,19,32,37,0.12,0.23,0.35,0.12,0.35,0.23,0.06,0.29,0.23,0.29
ENG-Premier League,2526,Arsenal,Viktor Gyökeres,SWE,FW,27-157,1998,10,10,800,8.9,4,0,4,3,1,1,1,0,4.6,3.8,1.0,4.8,8,11,51,0.45,0.0,0.45,0.34,0.34,0.51,0.12,0.63,0.42,0.54
ENG-Premier League,2526,Arsenal,William Saliba,FRA,DF,24-229,2001,9,8,634,7.0,0,0,0,0,0,0,0,0,0.1,0.1,0.1,0.2,3,33,3,0.0,0.0,0.0,0.0,0.0,0.01,0.01,0.02,0.01,0.02
ENG-Premier League,2526,Aston Villa,Amadou Onana,BEL,MF,24-084,2001,6,5,415,4.6,0,0,0,0,0,0,2,0,0.2,0.2,0.0,0.2,3,19,2,0.0,0.0,0.0,0.0,0.0,0.05,0.0,0.05,0.05,0.05
ENG-Premier League,2526,Aston Villa,Boubacar Kamara,FRA,MF,25-350,1999,8,7,565,6.3,0,2,2,0,0,0,2,0,0.1,0.1,0.4,0.5,7,38,2,0.0,0.32,0.32,0.0,0.32,0.01,0.07,0.08,0.01,0.08
ENG-Premier League,2526,Aston Villa,Bradley Burrowes,ENG,DF,17-249,2008,1,0,17,0.2,0,0,0,0,0,0,0,0,0.0,0.0,0.0,0.0,1,0,4,0.0,0.0,0.0,0.0,0.0,0.0,0.0,0.0,0.0,0.0
ENG-Premier League,2526,Aston Villa,Donyell Malen,NED,FW,26-303,1999,10,3,331,3.7,2,0,2,2,0,0,0,0,0.8,0.8,0.2,1.0,8,7,18,0.54,0.0,0.54,0.54,0.54,0.23,0.05,0.28,0.23,0.28
ENG-Premier League,2526,Aston Villa,Emi Buendía,ARG,"FW,MF",28-318,1996,8,3,357,4.0,2,2,4,2,0,0,2,0,0.7,0.7,0.5,1.2,12,24,13,0.5,0.5,1.01,0.5,1.01,0.18,0.12,0.3,0.18,0.3
ENG-Premier League,2526,Aston Villa,Emiliano Martínez,ARG,GK,33-067,1992,8,8,720,8.0,0,0,0,0,0,0,1,0,0.0,0.0,0.0,0.0,0,0,0,0.0,0.0,0.0,0.0,0.0,0.0,0.0,0.0,0.0,0.0
ENG-Premier League,2526,Aston Villa,Evann Guessand,CIV,FW,24-130,2001,9,5,418,4.6,0,0,0,0,0,0,0,0,0.4,0.4,0.0,0.4,11,8,26,0.0,0.0,0.0,0.0,0.0,0.08,0.01,0.09,0.08,0.09
ENG-Premier League,2526,Aston Villa,Ezri Konsa,ENG,DF,28-016,1997,9,9,785,8.7,0,0,0,0,0,0,0,1,0.0,0.0,0.0,0.1,5,28,3,0.0,0.0,0.0,0.0,0.0,0.01,0.0,0.01,0.01,0.01
ENG-Premier League,2526,Aston Villa,Harvey Elliott,ENG,"MF,FW",22-218,2003,3,1,98,1.1,0,0,0,0,0,0,0,0,0.2,0.2,0.0,0.2,3,5,11,0.0,0.0,0.0,0.0,0.0,0.17,0.0,0.17,0.17,0.17
ENG-Premier League,2526,Aston Villa,Ian Maatsen,NED,DF,23-243,2002,7,1,178,2.0,0,0,0,0,0,0,1,0,0.2,0.2,0.3,0.5,8,19,17,0.0,0.0,0.0,0.0,0.0,0.1,0.14,0.24,0.1,0.24
ENG-Premier League,2526,Aston Villa,Jadon Sancho,ENG,FW,25-228,2000,3,0,71,0.8,0,0,0,0,0,0,0,0,0.3,0.3,0.1,0.4,7,7,16,0.0,0.0,0.0,0.0,0.0,0.42,0.1,0.52,0.42,0.52
ENG-Premier League,2526,Aston Villa,John McGinn,SCO,"FW,MF",31-021,1994,10,10,767,8.5,1,0,1,1,0,0,1,0,0.9,0.9,0.9,1.8,11,35,25,0.12,0.0,0.12,0.12,0.12,0.11,0.11,0.21,0.11,0.21
ENG-Premier League,2526,Aston Villa,Lamare Bogarde,NED,MF,21-307,2004,6,3,281,3.1,0,0,0,0,0,0,1,0,0.0,0.0,0.0,0.0,3,8,2,0.0,0.0,0.0,0.0,0.0,0.0,0.01,0.01,0.0,0.01
ENG-Premier League,2526,Aston Villa,Lucas Digne,FRA,DF,32-111,1993,10,9,728,8.1,0,2,2,0,0,0,2,0,0.3,0.3,0.7,1.0,10,17,56,0.0,0.25,0.25,0.0,0.25,0.04,0.09,0.13,0.04,0.13
ENG-Premier League,2526,Aston Villa,Marco Bizot,NED,GK,34-243,1991,2,2,180,2.0,0,0,0,0,0,0,1,0,0.0,0.0,0.0,0.0,0,1,0,0.0,0.0,0.0,0.0,0.0,0.0,0.0,0.0,0.0,0.0
ENG-Premier League,2526,Aston Villa,Matty Cash,POL,DF,28-093,1997,10,10,876,9.7,2,0,2,2,0,0,3,0,0.2,0.2,0.7,0.9,15,38,44,0.21,0.0,0.21,0.21,0.21,0.02,0.07,0.09,0.02,0.09
ENG-Premier League,2526,Aston Villa,Morgan Rogers,ENG,"MF,FW",23-105,2002,10,10,891,9.9,1,2,3,1,0,0,1,0,0.7,0.7,1.1,1.8,14,28,55,0.1,0.2,0.3,0.1,0.3,0.07,0.11,0.18,0.07,0.18
ENG-Premier League,2526,Aston Villa,Ollie Watkins,ENG,FW,29-313,1995,10,9,786,8.7,1,0,1,1,0,0,0,0,1.7,1.7,0.5,2.2,16,12,54,0.11,0.0,0.11,0.11,0.11,0.2,0.05,0.25,0.2,0.25
ENG-Premier League,2526,Aston Villa,Pau Torres,ESP,DF,28-296,1997,7,5,509,5.7,0,0,0,0,0,0,0,0,0.1,0.1,0.0,0.1,7,22,3,0.0,0.0,0.0,0.0,0.0,0.02,0.0,0.02,0.02,0.02
ENG-Premier League,2526,Aston Villa,Ross Barkley,ENG,MF,31-338,1993,4,0,65,0.7,0,0,0,0,0,0,0,0,0.2,0.2,0.0,0.3,3,6,3,0.0,0.0,0.0,0.0,0.0,0.3,0.06,0.37,0.3,0.37
ENG-Premier League,2526,Aston Villa,Tyrone Mings,ENG,DF,32-240,1993,7,6,498,5.5,0,0,0,0,0,0,0,0,0.3,0.3,0.1,0.4,1,27,3,0.0,0.0,0.0,0.0,0.0,0.05,0.02,0.07,0.05,0.07
ENG-Premier League,2526,Aston Villa,Victor Lindelöf,SWE,"MF,DF",31-114,1994,3,0,24,0.3,0,0,0,0,0,0,0,0,0.0,0.0,0.0,0.0,0,2,0,0.0,0.0,0.0,0.0,0.0,0.0,0.0,0.0,0.0,0.0
ENG-Premier League,2526,Aston Villa,Youri Tielemans,BEL,MF,28-185,1997,4,4,315,3.5,0,0,0,0,0,0,0,0,0.1,0.1,0.2,0.3,8,21,10,0.0,0.0,0.0,0.0,0.0,0.04,0.05,0.09,0.04,0.09
ENG-Premier League,2526,Bournemouth,Adam Smith,ENG,DF,34-193,1991,3,3,204,2.3,0,0,0,0,0,0,0,0,0.0,0.0,0.3,0.3,1,6,2,0.0,0.0,0.0,0.0,0.0,0.0,0.12,0.12,0.0,0.12
ENG-Premier League,2526,Bournemouth,Adrien Truffert,FRA,DF,23-353,2001,10,10,900,10.0,0,1,1,0,0,0,1,0,0.1,0.1,0.6,0.8,23,48,56,0.0,0.1,0.1,0.0,0.1,0.01,0.06,0.08,0.01,0.08
ENG-Premier League,2526,Bournemouth,Alex Scott,ENG,MF,22-079,2003,10,9,666,7.4,1,0,1,1,0,0,1,0,0.5,0.5,0.5,1.0,14,22,17,0.14,0.0,0.14,0.14,0.14,0.07,0.06,0.14,0.07,0.14
ENG-Premier League,2526,Bournemouth,Amine Adli,MAR,"FW,MF",25-182,2000,7,1,189,2.1,0,0,0,0,0,0,0,0,0.1,0.1,0.2,0.3,5,5,19,0.0,0.0,0.0,0.0,0.0,0.05,0.08,0.13,0.05,0.13
ENG-Premier League,2526,Bournemouth,Antoine Semenyo,GHA,"FW,MF",25-305,2000,10,10,899,10.0,6,3,9,5,1,1,2,0,3.8,3.0,0.5,3.5,34,39,59,0.6,0.3,0.9,0.5,0.8,0.38,0.05,0.43,0.3,0.35
ENG-Premier League,2526,Bournemouth,Bafodé Diakité,FRA,DF,24-306,2001,8,8,720,8.0,0,0,0,0,0,0,1,0,0.0,0.0,0.1,0.1,1,21,2,0.0,0.0,0.0,0.0,0.0,0.0,0.02,0.02,0.0,0.02
ENG-Premier League,2526,Bournemouth,Ben Gannon-Doak,SCO,FW,19-362,2005,4,0,57,0.6,0,1,1,0,0,0,0,0,0.1,0.1,0.6,0.7,4,1,10,0.0,1.58,1.58,0.0,1.58,0.14,0.91,1.04,0.14,1.04
ENG-Premier League,2526,Bournemouth,Ben Winterburn,ENG,MF,21-065,2004,1,0,7,0.1,0,0,0,0,0,0,0,0,0.0,0.0,0.0,0.0,0,0,0,0.0,0.0,0.0,0.0,0.0,0.0,0.0,0.0,0.0,0.0
ENG-Premier League,2526,Bournemouth,David Brooks,WAL,"FW,MF",28-123,1997,9,7,537,6.0,0,1,1,0,0,0,3,0,1.0,1.0,1.5,2.5,17,18,56,0.0,0.17,0.17,0.0,0.17,0.16,0.26,0.42,0.16,0.42
ENG-Premier League,2526,Bournemouth,Eli Junior Kroupi,FRA,FW,19-138,2006,7,3,227,2.5,4,0,4,4,0,0,1,0,1.7,1.7,0.1,1.8,2,1,9,1.59,0.0,1.59,1.59,1.59,0.67,0.04,0.71,0.67,0.71
ENG-Premier League,2526,Bournemouth,Enes Ünal,TUR,FW,28-182,1997,1,0,1,0.0,0,0,0,0,0,0,0,0,0.0,0.0,0.0,0.0,0,0,0,0.0,0.0,0.0,0.0,0.0,0.0,0.0,0.0,0.0,0.0
ENG-Premier League,2526,Bournemouth,Evanilson,BRA,FW,26-033,1999,8,7,645,7.2,1,0,1,1,0,0,1,0,1.3,1.3,0.8,2.0,4,7,21,0.14,0.0,0.14,0.14,0.14,0.18,0.11,0.28,0.18,0.28
ENG-Premier League,2526,Bournemouth,Hamed Junior Traorè,CIV,MF,25-265,2000,1,0,17,0.2,0,1,1,0,0,0,0,0,0.0,0.0,0.2,0.2,0,0,0,0.0,5.29,5.29,0.0,5.29,0.0,1.1,1.1,0.0,1.1
ENG-Premier League,2526,Bournemouth,James Hill,ENG,DF,23-302,2002,7,2,276,3.1,0,0,0,0,0,0,1,0,0.1,0.1,0.0,0.1,3,17,8,0.0,0.0,0.0,0.0,0.0,0.04,0.0,0.04,0.04,0.04
ENG-Premier League,2526,Bournemouth,Julio Soler,ARG,FW,20-265,2005,1,0,1,0.0,0,0,0,0,0,0,0,0,0.0,0.0,0.0,0.0,0,0,0,0.0,0.0,0.0,0.0,0.0,0.0,0.0,0.0,0.0,0.0
ENG-Premier League,2526,Bournemouth,Justin Kluivert,NED,MF,26-187,1999,9,3,336,3.7,1,0,1,1,0,0,2,0,0.4,0.4,0.4,0.8,9,12,26,0.27,0.0,0.27,0.27,0.27,0.11,0.11,0.22,0.11,0.22
ENG-Premier League,2526,Bournemouth,Lewis Cook,ENG,"DF,MF",28-278,1997,4,0,35,0.4,0,0,0,0,0,0,0,0,0.0,0.0,0.1,0.1,0,5,0,0.0,0.0,0.0,0.0,0.0,0.0,0.13,0.13,0.0,0.13
ENG-Premier League,2526,Bournemouth,Marcos Senesi,ARG,DF,28-182,1997,10,10,887,9.9,0,2,2,0,0,0,3,0,0.2,0.2,0.3,0.5,5,53,3,0.0,0.2,0.2,0.0,0.2,0.02,0.03,0.05,0.02,0.05
ENG-Premier League,2526,Bournemouth,Marcus Tavernier,ENG,"MF,FW",26-231,1999,10,9,766,8.5,2,1,3,2,0,0,0,0,1.0,1.0,1.4,2.4,23,33,58,0.23,0.12,0.35,0.23,0.35,0.12,0.16,0.29,0.12,0.29
ENG-Premier League,2526,Bournemouth,Ryan Christie,SCO,MF,30-259,1995,8,1,206,2.3,1,0,1,1,0,0,1,0,0.8,0.8,0.0,0.9,4,13,6,0.44,0.0,0.44,0.44,0.44,0.37,0.01,0.38,0.37,0.38
ENG-Premier League,2526,Bournemouth,Tyler Adams,USA,MF,26-267,1999,10,10,862,9.6,1,1,2,1,0,0,4,0,0.4,0.4,0.1,0.5,5,40,6,0.1,0.1,0.21,0.1,0.21,0.04,0.01,0.05,0.04,0.05
ENG-Premier League,2526,Bournemouth,Veljko Milosavljević,SRB,DF,18-133,2007,3,2,186,2.1,0,0,0,0,0,0,0,0,0.0,0.0,0.1,0.1,0,5,0,0.0,0.0,0.0,0.0,0.0,0.0,0.03,0.03,0.0,0.03
ENG-Premier League,2526,Bournemouth,Álex Jiménez,ESP,DF,20-184,2005,7,5,376,4.2,0,0,0,0,0,0,3,0,0.1,0.1,0.1,0.2,17,23,8,0.0,0.0,0.0,0.0,0.0,0.02,0.02,0.04,0.02,0.04
ENG-Premier League,2526,Bournemouth,Đorđe Petrović,SRB,GK,26-031,1999,10,10,900,10.0,0,0,0,0,0,0,1,0,0.0,0.0,0.0,0.0,0,0,0,0.0,0.0,0.0,0.0,0.0,0.0,0.0,0.0,0.0,0.0
ENG-Premier League,2526,Brentford,Aaron Hickey,SCO,DF,23-151,2002,5,2,187,2.1,0,0,0,0,0,0,1,0,0.0,0.0,0.0,0.0,0,4,5,0.0,0.0,0.0,0.0,0.0,0.01,0.0,0.01,0.01,0.01
ENG-Premier League,2526,Brentford,Antoni Milambo,NED,MF,20-219,2005,1,1,45,0.5,0,0,0,0,0,0,0,0,0.0,0.0,0.0,0.0,1,3,1,0.0,0.0,0.0,0.0,0.0,0.0,0.0,0.0,0.0,0.0
ENG-Premier League,2526,Brentford,Caoimhín Kelleher,IRL,GK,26-350,1998,10,10,900,10.0,0,0,0,0,0,0,1,0,0.0,0.0,0.0,0.0,0,1,0,0.0,0.0,0.0,0.0,0.0,0.0,0.0,0.0,0.0,0.0
ENG-Premier League,2526,Brentford,Dango Ouattara,BFA,FW,23-270,2002,9,6,552,6.1,2,0,2,2,0,0,1,0,2.5,2.5,0.7,3.2,16,7,40,0.33,0.0,0.33,0.33,0.33,0.41,0.12,0.53,0.41,0.53
ENG-Premier League,2526,Brentford,Ethan Pinnock,JAM,DF,32-163,1993,2,2,155,1.7,0,0,0,0,0,0,1,0,0.0,0.0,0.0,0.0,0,2,2,0.0,0.0,0.0,0.0,0.0,0.0,0.0,0.0,0.0,0.0
ENG-Premier League,2526,Brentford,Fabio Carvalho,POR,"FW,MF",23-070,2002,6,1,102,1.1,1,0,1,1,0,0,0,0,0.7,0.7,0.0,0.7,2,2,6,0.88,0.0,0.88,0.88,0.88,0.62,0.0,0.62,0.62,0.62
ENG-Premier League,2526,Brentford,Frank Onyeka,NGA,MF,27-311,1998,6,0,92,1.0,0,1,1,0,0,0,0,0,0.0,0.0,0.1,0.1,2,4,2,0.0,0.98,0.98,0.0,0.98,0.0,0.12,0.12,0.0,0.12
ENG-Premier League,2526,Brentford,Jordan Henderson,ENG,MF,35-144,1990,10,9,740,8.2,0,2,2,0,0,0,3,0,0.1,0.1,0.7,0.8,5,42,4,0.0,0.24,0.24,0.0,0.24,0.01,0.09,0.09,0.01,0.09
ENG-Premier League,2526,Brentford,Keane Lewis-Potter,ENG,"DF,FW",24-259,2001,9,5,450,5.0,0,1,1,0,0,0,1,0,0.2,0.2,0.6,0.8,10,9,20,0.0,0.2,0.2,0.0,0.2,0.03,0.12,0.16,0.03,0.16
ENG-Premier League,2526,Brentford,Kevin Schade,GER,FW,23-346,2001,10,9,830,9.2,2,1,3,2,0,1,4,0,2.8,2.0,1.1,3.1,17,6,30,0.22,0.11,0.33,0.22,0.33,0.3,0.12,0.42,0.22,0.34
ENG-Premier League,2526,Brentford,Kristoffer Ajer,NOR,DF,27-205,1998,7,4,389,4.3,0,1,1,0,0,0,0,0,0.5,0.5,0.7,1.2,6,15,6,0.0,0.23,0.23,0.0,0.23,0.12,0.16,0.27,0.12,0.27
ENG-Premier League,2526,Brentford,Mathias Jensen,DEN,MF,29-311,1996,8,2,212,2.4,2,0,2,2,0,0,0,0,0.5,0.5,0.2,0.7,4,16,4,0.85,0.0,0.85,0.85,0.85,0.22,0.08,0.3,0.22,0.3
ENG-Premier League,2526,Brentford,Michael Kayode,ITA,DF,21-121,2004,10,10,862,9.6,0,0,0,0,0,0,0,0,0.1,0.1,1.4,1.5,18,19,39,0.0,0.0,0.0,0.0,0.0,0.01,0.14,0.15,0.01,0.15
ENG-Premier League,2526,Brentford,Mikkel Damsgaard,DEN,MF,25-128,2000,8,8,633,7.0,1,1,2,1,0,0,0,0,0.5,0.5,1.4,1.9,15,33,28,0.14,0.14,0.28,0.14,0.28,0.07,0.2,0.28,0.07,0.28
ENG-Premier League,2526,Brentford,Nathan Collins,IRL,DF,24-192,2001,10,10,900,10.0,0,0,0,0,0,0,4,0,0.3,0.3,0.5,0.8,2,19,1,0.0,0.0,0.0,0.0,0.0,0.03,0.05,0.08,0.03,0.08
ENG-Premier League,2526,Brentford,Reiss Nelson,ENG,FW,25-333,1999,1,0,16,0.2,0,0,0,0,0,0,0,0,0.1,0.1,0.0,0.1,1,2,3,0.0,0.0,0.0,0.0,0.0,0.32,0.0,0.32,0.32,0.32
ENG-Premier League,2526,Brentford,Rico Henry,ENG,DF,28-123,1997,7,1,173,1.9,0,0,0,0,0,0,1,0,0.1,0.1,0.1,0.3,12,2,11,0.0,0.0,0.0,0.0,0.0,0.07,0.07,0.13,0.07,0.13
ENG-Premier League,2526,Brentford,Sepp van den Berg,NED,DF,23-323,2001,10,10,900,10.0,0,0,0,0,0,0,0,0,1.0,1.0,0.1,1.1,4,18,6,0.0,0.0,0.0,0.0,0.0,0.1,0.01,0.11,0.1,0.11
ENG-Premier League,2526,Brentford,Thiago,BRA,FW,24-135,2001,10,10,832,9.2,6,0,6,4,2,2,3,0,4.4,2.9,1.1,4.0,4,8,29,0.65,0.0,0.65,0.43,0.43,0.48,0.12,0.6,0.31,0.43
ENG-Premier League,2526,Brentford,Vitaly Janelt,GER,MF,27-182,1998,6,0,144,1.6,0,0,0,0,0,0,0,0,0.2,0.2,0.1,0.3,1,6,1,0.0,0.0,0.0,0.0,0.0,0.15,0.04,0.19,0.15,0.19
ENG-Premier League,2526,Brentford,Yehor Yarmoliuk,UKR,MF,21-252,2004,10,10,786,8.7,0,1,1,0,0,0,1,0,0.2,0.2,0.3,0.6,11,30,7,0.0,0.11,0.11,0.0,0.11,0.03,0.04,0.07,0.03,0.07
ENG-Premier League,2526,Brighton,Bart Verbruggen,NED,GK,23-082,2002,10,10,900,10.0,0,0,0,0,0,0,0,0,0.0,0.0,0.1,0.1,0,0,0,0.0,0.0,0.0,0.0,0.0,0.0,0.01,0.01,0.0,0.01
ENG-Premier League,2526,Brighton,Brajan Gruda,GER,"MF,FW",21-161,2004,7,2,223,2.5,1,1,2,1,0,0,0,0,1.4,1.4,0.5,1.9,8,6,26,0.4,0.4,0.81,0.4,0.81,0.57,0.18,0.75,0.57,0.75
ENG-Premier League,2526,Brighton,Carlos Baleba,CMR,MF,21-309,2004,10,9,571,6.3,0,0,0,0,0,0,3,0,0.1,0.1,0.0,0.2,6,10,7,0.0,0.0,0.0,0.0,0.0,0.02,0.01,0.03,0.02,0.03
ENG-Premier League,2526,Brighton,Charalampos Kostoulas,GRE,"MF,FW",18-162,2007,3,0,16,0.2,1,0,1,1,0,0,0,0,0.2,0.2,0.0,0.2,1,0,2,5.63,0.0,5.63,5.63,5.63,1.4,0.0,1.4,1.4,1.4
ENG-Premier League,2526,Brighton,Danny Welbeck,ENG,FW,34-347,1990,10,7,628,7.0,6,0,6,6,0,1,2,0,4.2,3.4,0.3,3.7,5,8,21,0.86,0.0,0.86,0.86,0.86,0.6,0.04,0.64,0.48,0.52
ENG-Premier League,2526,Brighton,Diego Coppola,ITA,DF,21-315,2003,3,0,18,0.2,0,0,0,0,0,0,0,0,0.0,0.0,0.0,0.0,0,2,0,0.0,0.0,0.0,0.0,0.0,0.0,0.0,0.0,0.0,0.0
ENG-Premier League,2526,Brighton,Diego Gómez,PAR,"MF,FW",22-226,2003,9,5,457,5.1,2,0,2,2,0,0,2,0,1.6,1.6,0.7,2.4,5,12,20,0.39,0.0,0.39,0.39,0.39,0.32,0.15,0.47,0.32,0.47
ENG-Premier League,2526,Brighton,Ferdi Kadioglu,TUR,"DF,FW",26-032,1999,9,6,647,7.2,0,0,0,0,0,0,3,0,0.3,0.3,0.4,0.6,20,31,34,0.0,0.0,0.0,0.0,0.0,0.04,0.05,0.09,0.04,0.09
ENG-Premier League,2526,Brighton,Georginio Rutter,FRA,"FW,MF",23-202,2002,9,7,604,6.7,0,2,2,0,0,0,1,0,0.4,0.4,1.8,2.2,14,29,27,0.0,0.3,0.3,0.0,0.3,0.06,0.27,0.33,0.06,0.33
ENG-Premier League,2526,Brighton,Jack Hinshelwood,ENG,MF,20-211,2005,3,2,107,1.2,0,0,0,0,0,0,0,0,0.0,0.0,0.0,0.0,2,2,1,0.0,0.0,0.0,0.0,0.0,0.0,0.0,0.0,0.0,0.0
ENG-Premier League,2526,Brighton,James Milner,ENG,MF,39-308,1986,7,1,193,2.1,1,1,2,0,1,1,1,0,0.8,0.0,0.2,0.2,2,9,5,0.47,0.47,0.93,0.0,0.47,0.37,0.1,0.47,0.0,0.1
ENG-Premier League,2526,Brighton,Jan Paul van Hecke,NED,DF,25-153,2000,10,10,900,10.0,1,0,1,1,0,0,2,0,0.6,0.6,0.1,0.8,21,76,3,0.1,0.0,0.1,0.1,0.1,0.06,0.01,0.08,0.06,0.08
ENG-Premier League,2526,Brighton,Joe Knight,ENG,MF,20-048,2005,1,0,1,0.0,0,0,0,0,0,0,0,0,0.0,0.0,0.0,0.0,0,0,0,0.0,0.0,0.0,0.0,0.0,0.0,0.0,0.0,0.0,0.0
ENG-Premier League,2526,Brighton,Joël Veltman,NED,DF,33-297,1992,4,4,324,3.6,0,0,0,0,0,0,2,0,0.0,0.0,0.0,0.0,5,14,2,0.0,0.0,0.0,0.0,0.0,0.0,0.01,0.01,0.0,0.01
ENG-Premier League,2526,Brighton,Kaoru Mitoma,JPN,FW,28-172,1997,6,6,508,5.6,1,1,2,1,0,0,1,0,0.8,0.8,1.1,1.8,13,13,37,0.18,0.18,0.35,0.18,0.35,0.13,0.19,0.32,0.13,0.32
ENG-Premier League,2526,Brighton,Lewis Dunk,ENG,DF,33-352,1991,10,10,900,10.0,0,0,0,0,0,0,3,0,0.6,0.6,0.0,0.6,5,34,1,0.0,0.0,0.0,0.0,0.0,0.06,0.0,0.06,0.06,0.06
ENG-Premier League,2526,Brighton,Mats Wieffer,NED,DF,25-357,1999,8,6,551,6.1,0,2,2,0,0,0,3,0,0.2,0.2,1.6,1.8,13,29,21,0.0,0.33,0.33,0.0,0.33,0.03,0.27,0.29,0.03,0.29
ENG-Premier League,2526,Brighton,Matt O'Riley,DEN,MF,24-352,2000,2,2,177,2.0,1,0,1,0,1,1,0,0,1.2,0.4,0.2,0.6,0,5,11,0.51,0.0,0.51,0.0,0.0,0.61,0.1,0.72,0.21,0.32
ENG-Premier League,2526,Brighton,Maxim De Cuyper,BEL,DF,24-321,2000,8,5,409,4.5,1,0,1,1,0,0,1,0,0.7,0.7,0.4,1.1,4,19,13,0.22,0.0,0.22,0.22,0.22,0.16,0.08,0.24,0.16,0.24
ENG-Premier League,2526,Brighton,Nehemiah Oriola,ENG,MF,18-150,2007,1,0,1,0.0,0,0,0,0,0,0,0,0,0.0,0.0,0.0,0.0,0,0,0,0.0,0.0,0.0,0.0,0.0,0.0,0.0,0.0,0.0,0.0
ENG-Premier League,2526,Brighton,Stefanos Tzimas,GRE,"MF,FW",19-306,2006,6,0,84,0.9,0,1,1,0,0,0,0,0,0.4,0.4,0.5,0.8,1,1,4,0.0,1.07,1.07,0.0,1.07,0.4,0.49,0.89,0.4,0.89
ENG-Premier League,2526,Brighton,Tom Watson,ENG,FW,19-214,2006,2,0,42,0.5,0,0,0,0,0,0,0,0,0.0,0.0,0.0,0.0,2,1,3,0.0,0.0,0.0,0.0,0.0,0.08,0.0,0.08,0.08,0.08
ENG-Premier League,2526,Brighton,Yankuba Minteh,GAM,FW,21-109,2004,10,10,857,9.5,1,3,4,1,0,0,0,0,2.0,2.0,2.6,4.6,52,12,89,0.11,0.32,0.42,0.11,0.42,0.21,0.28,0.48,0.21,0.48
ENG-Premier League,2526,Brighton,Yasin Ayari,SWE,MF,22-033,2003,10,8,782,8.7,1,0,1,1,0,0,0,0,1.0,1.0,0.3,1.3,8,30,13,0.12,0.0,0.12,0.12,0.12,0.11,0.03,0.14,0.11,0.14
ENG-Premier League,2526,Burnley,Armando Broja,ALB,FW,24-059,2001,4,0,60,0.7,0,0,0,0,0,0,0,0,0.0,0.0,0.0,0.0,0,0,2,0.0,0.0,0.0,0.0,0.0,0.0,0.0,0.0,0.0,0.0
ENG-Premier League,2526,Burnley,Ashley Barnes,ENG,FW,36-009,1989,1,0,8,0.1,0,0,0,0,0,0,0,0,0.0,0.0,0.0,0.0,0,0,1,0.0,0.0,0.0,0.0,0.0,0.0,0.0,0.0,0.0,0.0
ENG-Premier League,2526,Burnley,Axel Tuanzebe,COD,DF,27-359,1997,4,4,360,4.0,0,0,0,0,0,0,0,0,0.0,0.0,0.0,0.0,0,6,1,0.0,0.0,0.0,0.0,0.0,0.0,0.0,0.0,0.0,0.0
ENG-Premier League,2526,Burnley,Bashir Humphreys,ENG,DF,22-238,2003,1,0,3,0.0,0,0,0,0,0,0,0,0,0.0,0.0,0.0,0.0,0,0,0,0.0,0.0,0.0,0.0,0.0,0.0,0.0,0.0,0.0,0.0
ENG-Premier League,2526,Burnley,Florentino Luís,POR,MF,26-081,1999,7,6,567,6.3,0,1,1,0,0,0,1,0,0.3,0.3,0.2,0.5,2,24,4,0.0,0.16,0.16,0.0,0.16,0.05,0.03,0.08,0.05,0.08
ENG-Premier League,2526,Burnley,Hannibal Mejbri,TUN,MF,22-291,2003,9,3,273,3.0,0,1,1,0,0,0,1,0,0.2,0.2,0.7,0.9,7,7,9,0.0,0.33,0.33,0.0,0.33,0.05,0.24,0.29,0.05,0.29
ENG-Premier League,2526,Burnley,Hjalmar Ekdal,SWE,DF,27-018,1998,7,6,533,5.9,0,0,0,0,0,0,0,0,0.2,0.2,0.1,0.3,1,6,0,0.0,0.0,0.0,0.0,0.0,0.03,0.02,0.06,0.03,0.06
ENG-Premier League,2526,Burnley,Jacob Bruun Larsen,DEN,"FW,MF",27-050,1998,8,4,392,4.4,0,1,1,0,0,0,0,0,0.1,0.1,0.6,0.7,7,7,29,0.0,0.23,0.23,0.0,0.23,0.03,0.14,0.17,0.03,0.17
ENG-Premier League,2526,Burnley,Jaidon Anthony,ENG,"MF,FW",25-342,1999,10,10,806,9.0,4,1,5,4,0,0,3,0,2.1,2.1,0.4,2.5,19,12,38,0.45,0.11,0.56,0.45,0.56,0.24,0.04,0.28,0.24,0.28
ENG-Premier League,2526,Burnley,Joe Worrall,ENG,DF,28-302,1997,4,0,22,0.2,0,0,0,0,0,0,0,0,0.0,0.0,0.0,0.0,0,1,1,0.0,0.0,0.0,0.0,0.0,0.0,0.0,0.0,0.0,0.0
ENG-Premier League,2526,Burnley,Josh Cullen,IRL,MF,29-215,1996,10,10,852,9.5,1,1,2,1,0,0,1,0,0.2,0.2,0.8,1.0,2,46,6,0.11,0.11,0.21,0.11,0.21,0.02,0.08,0.11,0.02,0.11
ENG-Premier League,2526,Burnley,Josh Laurent,ENG,"DF,MF",30-186,1995,10,6,561,6.2,0,0,0,0,0,0,1,0,0.2,0.2,0.2,0.3,7,12,11,0.0,0.0,0.0,0.0,0.0,0.02,0.03,0.05,0.02,0.05
ENG-Premier League,2526,Burnley,Kyle Walker,ENG,DF,35-164,1990,10,10,900,10.0,0,1,1,0,0,0,2,0,0.1,0.1,0.4,0.5,15,24,16,0.0,0.1,0.1,0.0,0.1,0.01,0.04,0.05,0.01,0.05
ENG-Premier League,2526,Burnley,Lesley Ugochukwu,FRA,MF,21-227,2004,9,6,520,5.8,2,0,2,2,0,0,2,1,0.8,0.8,0.0,0.8,6,10,11,0.35,0.0,0.35,0.35,0.35,0.13,0.0,0.14,0.13,0.14
ENG-Premier League,2526,Burnley,Loum Tchaouna,FRA,"MF,FW",22-061,2003,9,4,374,4.2,1,0,1,1,0,0,1,0,0.3,0.3,0.1,0.5,4,9,15,0.24,0.0,0.24,0.24,0.24,0.08,0.03,0.11,0.08,0.11
ENG-Premier League,2526,Burnley,Lyle Foster,RSA,FW,25-066,2000,8,7,579,6.4,2,1,3,2,0,0,2,0,1.3,1.3,0.7,2.0,7,6,32,0.31,0.16,0.47,0.31,0.47,0.21,0.1,0.31,0.21,0.31
ENG-Premier League,2526,Burnley,Marcus Edwards,ENG,"MF,FW",26-340,1998,2,0,14,0.2,0,0,0,0,0,0,0,0,0.1,0.1,0.0,0.1,1,1,2,0.0,0.0,0.0,0.0,0.0,0.36,0.0,0.36,0.36,0.36
ENG-Premier League,2526,Burnley,Martin Dúbravka,SVK,GK,36-297,1989,10,10,900,10.0,0,0,0,0,0,0,0,0,0.0,0.0,0.0,0.0,0,0,0,0.0,0.0,0.0,0.0,0.0,0.0,0.0,0.0,0.0,0.0
ENG-Premier League,2526,Burnley,Maxime Estève,FRA,DF,23-166,2002,10,10,891,9.9,0,0,0,0,0,0,0,0,0.2,0.2,0.3,0.5,3,20,1,0.0,0.0,0.0,0.0,0.0,0.02,0.03,0.05,0.02,0.05
ENG-Premier League,2526,Burnley,Oliver Sonne,PER,"DF,FW",24-363,2000,3,1,104,1.2,0,0,0,0,0,0,0,0,0.0,0.0,0.0,0.1,0,4,3,0.0,0.0,0.0,0.0,0.0,0.03,0.03,0.06,0.03,0.06
ENG-Premier League,2526,Burnley,Quilindschy Hartman,NED,DF,23-359,2001,10,10,897,10.0,0,4,4,0,0,0,1,0,0.1,0.1,1.2,1.4,3,27,26,0.0,0.4,0.4,0.0,0.4,0.01,0.13,0.14,0.01,0.14
ENG-Premier League,2526,Burnley,Zian Flemming,NED,"FW,MF",27-099,1998,7,3,277,3.1,2,0,2,2,0,0,1,0,0.9,0.9,0.2,1.1,1,1,12,0.65,0.0,0.65,0.65,0.65,0.3,0.06,0.36,0.3,0.36
ENG-Premier League,2526,Chelsea,Alejandro Garnacho,ARG,FW,21-130,2004,5,4,253,2.8,1,0,1,1,0,0,0,0,0.3,0.3,0.8,1.2,24,2,39,0.36,0.0,0.36,0.36,0.36,0.11,0.3,0.41,0.11,0.41
ENG-Premier League,2526,Chelsea,Andrey Santos,BRA,MF,21-189,2004,7,2,225,2.5,0,0,0,0,0,0,2,0,0.7,0.7,0.1,0.8,4,13,10,0.0,0.0,0.0,0.0,0.0,0.28,0.03,0.31,0.28,0.31
ENG-Premier League,2526,Chelsea,Benoît Badiashile,FRA,DF,24-227,2001,2,1,66,0.7,0,0,0,0,0,0,1,0,0.0,0.0,0.0,0.0,0,4,0,0.0,0.0,0.0,0.0,0.0,0.0,0.0,0.0,0.0,0.0
ENG-Premier League,2526,Chelsea,Cole Palmer,ENG,MF,23-186,2002,3,2,145,1.6,1,0,1,1,0,0,0,0,0.8,0.8,0.0,0.8,9,11,14,0.62,0.0,0.62,0.62,0.62,0.5,0.01,0.51,0.5,0.51
ENG-Premier League,2526,Chelsea,Enzo Fernández,ARG,MF,24-295,2001,9,9,798,8.9,3,1,4,2,1,1,2,0,4.4,3.6,2.0,5.6,12,67,39,0.34,0.11,0.45,0.23,0.34,0.49,0.23,0.72,0.4,0.63
ENG-Premier League,2526,Chelsea,Estêvão Willian,BRA,FW,18-198,2007,9,4,316,3.5,1,1,2,1,0,0,2,0,1.7,1.7,1.3,3.0,12,7,34,0.28,0.28,0.57,0.28,0.57,0.5,0.36,0.86,0.5,0.86
ENG-Premier League,2526,Chelsea,Facundo Buonanotte,ARG,MF,20-320,2004,1,1,45,0.5,0,0,0,0,0,0,0,0,0.0,0.0,0.3,0.3,0,0,5,0.0,0.0,0.0,0.0,0.0,0.0,0.51,0.51,0.0,0.51
ENG-Premier League,2526,Chelsea,Filip Jørgensen,DEN,GK,23-206,2002,1,0,84,0.9,0,0,0,0,0,0,0,0,0.0,0.0,0.0,0.0,0,0,0,0.0,0.0,0.0,0.0,0.0,0.0,0.0,0.0,0.0,0.0
ENG-Premier League,2526,Chelsea,Jamie Gittens,ENG,FW,21-092,2004,8,2,246,2.7,0,0,0,0,0,0,0,0,0.6,0.6,0.2,0.8,14,6,24,0.0,0.0,0.0,0.0,0.0,0.23,0.07,0.3,0.23,0.3
ENG-Premier League,2526,Chelsea,Jorrel Hato,NED,DF,19-246,2006,4,2,168,1.9,0,0,0,0,0,0,2,0,0.0,0.0,0.0,0.0,0,4,1,0.0,0.0,0.0,0.0,0.0,0.0,0.0,0.0,0.0,0.0
ENG-Premier League,2526,Chelsea,Joshua Acheampong,ENG,DF,19-187,2006,5,4,349,3.9,1,0,1,1,0,0,0,0,0.6,0.6,0.0,0.6,4,11,0,0.26,0.0,0.26,0.26,0.26,0.16,0.0,0.16,0.16,0.16
ENG-Premier League,2526,Chelsea,João Pedro,BRA,"FW,MF",24-043,2001,10,10,848,9.4,3,3,6,3,0,0,0,0,3.4,3.4,2.3,5.7,21,29,60,0.32,0.32,0.64,0.32,0.64,0.37,0.24,0.61,0.37,0.61
ENG-Premier League,2526,Chelsea,Liam Delap,ENG,FW,22-273,2003,3,2,92,1.0,0,0,0,0,0,0,0,0,0.2,0.2,0.0,0.2,2,3,4,0.0,0.0,0.0,0.0,0.0,0.22,0.0,0.22,0.22,0.22
ENG-Premier League,2526,Chelsea,Malo Gusto,FRA,"DF,MF",22-173,2003,8,5,476,5.3,0,1,1,0,0,0,2,1,0.1,0.1,0.5,0.6,11,27,27,0.0,0.19,0.19,0.0,0.19,0.01,0.1,0.11,0.01,0.11
ENG-Premier League,2526,Chelsea,Marc Cucurella,ESP,DF,27-109,1998,10,9,806,9.0,0,2,2,0,0,0,2,0,0.4,0.4,1.5,1.9,15,37,31,0.0,0.22,0.22,0.0,0.22,0.04,0.17,0.21,0.04,0.21
ENG-Premier League,2526,Chelsea,Marc Guiu,ESP,FW,19-308,2006,3,1,136,1.5,0,0,0,0,0,0,0,0,0.6,0.6,0.0,0.6,1,1,6,0.0,0.0,0.0,0.0,0.0,0.39,0.0,0.39,0.39,0.39
ENG-Premier League,2526,Chelsea,Moisés Caicedo,ECU,MF,24-006,2001,10,9,855,9.5,3,1,4,3,0,0,1,0,0.6,0.6,0.9,1.5,8,54,6,0.32,0.11,0.42,0.32,0.42,0.06,0.1,0.15,0.06,0.15
ENG-Premier League,2526,Chelsea,Pedro Neto,POR,FW,25-244,2000,10,10,753,8.4,2,2,4,2,0,0,0,0,1.4,1.4,1.6,3.0,39,27,76,0.24,0.24,0.48,0.24,0.48,0.17,0.2,0.36,0.17,0.36
ENG-Premier League,2526,Chelsea,Reece James,ENG,DF,25-335,1999,10,7,695,7.7,1,2,3,1,0,0,2,0,0.5,0.5,1.8,2.2,9,51,22,0.13,0.26,0.39,0.13,0.39,0.06,0.23,0.29,0.06,0.29
ENG-Premier League,2526,Chelsea,Robert Sánchez,ESP,GK,27-355,1997,10,10,814,9.0,0,0,0,0,0,0,1,1,0.0,0.0,0.1,0.1,0,0,0,0.0,0.0,0.0,0.0,0.0,0.0,0.01,0.01,0.0,0.01
ENG-Premier League,2526,Chelsea,Roméo Lavia,BEL,MF,21-306,2004,4,1,108,1.2,0,0,0,0,0,0,0,0,0.0,0.0,0.0,0.0,1,9,1,0.0,0.0,0.0,0.0,0.0,0.0,0.0,0.0,0.0,0.0
ENG-Premier League,2526,Chelsea,Tosin Adarabioyo,ENG,DF,28-045,1997,7,3,381,4.2,0,0,0,0,0,0,1,0,0.0,0.0,0.0,0.0,2,15,0,0.0,0.0,0.0,0.0,0.0,0.01,0.0,0.01,0.01,0.01
ENG-Premier League,2526,Chelsea,Trevoh Chalobah,ENG,DF,26-126,1999,9,9,750,8.3,2,0,2,2,0,0,2,1,0.7,0.7,0.1,0.8,9,30,0,0.24,0.0,0.24,0.24,0.24,0.09,0.01,0.1,0.09,0.1
ENG-Premier League,2526,Chelsea,Tyrique George,ENG,FW,19-277,2006,4,0,145,1.6,0,0,0,0,0,0,2,0,0.3,0.3,0.0,0.3,1,4,10,0.0,0.0,0.0,0.0,0.0,0.2,0.0,0.2,0.2,0.2
ENG-Premier League,2526,Chelsea,Wesley Fofana,FRA,DF,24-326,2000,4,3,218,2.4,0,0,0,0,0,0,0,0,0.0,0.0,0.0,0.0,3,5,1,0.0,0.0,0.0,0.0,0.0,0.0,0.0,0.0,0.0,0.0
ENG-Premier League,2526,Crystal Palace,Adam Wharton,ENG,MF,21-275,2004,8,8,630,7.0,0,0,0,0,0,0,1,0,0.2,0.2,2.2,2.4,9,36,7,0.0,0.0,0.0,0.0,0.0,0.03,0.31,0.35,0.03,0.35
ENG-Premier League,2526,Crystal Palace,Borna Sosa,CRO,DF,27-291,1998,1,0,1,0.0,0,0,0,0,0,0,0,0,0.0,0.0,0.0,0.0,0,0,0,0.0,0.0,0.0,0.0,0.0,0.0,0.0,0.0,0.0,0.0
ENG-Premier League,2526,Crystal Palace,Chris Richards,USA,DF,25-225,2000,10,10,900,10.0,0,0,0,0,0,0,0,0,0.4,0.4,0.3,0.7,2,15,2,0.0,0.0,0.0,0.0,0.0,0.04,0.03,0.07,0.04,0.07
ENG-Premier League,2526,Crystal Palace,Christantus Uche,NGA,MF,22-173,2003,3,0,11,0.1,0,0,0,0,0,0,0,0,0.0,0.0,0.0,0.0,1,0,3,0.0,0.0,0.0,0.0,0.0,0.08,0.0,0.08,0.08,0.08
ENG-Premier League,2526,Crystal Palace,Daichi Kamada,JPN,MF,29-095,1996,8,8,675,7.5,0,0,0,0,0,0,0,0,0.5,0.5,0.9,1.4,11,30,19,0.0,0.0,0.0,0.0,0.0,0.06,0.13,0.19,0.06,0.19
ENG-Premier League,2526,Crystal Palace,Daniel Muñoz,COL,"DF,MF",29-166,1996,10,10,899,10.0,1,2,3,1,0,0,3,0,0.9,0.9,2.4,3.3,12,24,59,0.1,0.2,0.3,0.1,0.3,0.09,0.24,0.33,0.09,0.33
ENG-Premier League,2526,Crystal Palace,Dean Henderson,ENG,GK,28-241,1997,10,10,900,10.0,0,0,0,0,0,0,1,0,0.0,0.0,0.0,0.0,0,0,0,0.0,0.0,0.0,0.0,0.0,0.0,0.0,0.0,0.0,0.0
ENG-Premier League,2526,Crystal Palace,Eberechi Eze,ENG,MF,27-132,1998,1,1,83,0.9,0,0,0,0,0,0,0,0,0.2,0.2,0.0,0.2,0,1,2,0.0,0.0,0.0,0.0,0.0,0.26,0.0,0.26,0.26,0.26
ENG-Premier League,2526,Crystal Palace,Eddie Nketiah,ENG,"MF,FW",26-162,1999,5,0,112,1.2,1,0,1,1,0,0,1,0,0.9,0.9,0.8,1.7,3,2,4,0.8,0.0,0.8,0.8,0.8,0.71,0.66,1.38,0.71,1.38
ENG-Premier League,2526,Crystal Palace,Ismaila Sarr,SEN,"MF,FW",27-256,1998,8,8,701,7.8,3,1,4,3,0,0,1,0,3.6,3.6,0.5,4.1,22,26,38,0.39,0.13,0.51,0.39,0.51,0.46,0.07,0.53,0.46,0.53
ENG-Premier League,2526,Crystal Palace,Jaydee Canvot,FRA,DF,19-102,2006,1,0,1,0.0,0,0,0,0,0,0,0,0,0.0,0.0,0.0,0.0,0,0,0,0.0,0.0,0.0,0.0,0.0,0.0,0.0,0.0,0.0,0.0
ENG-Premier League,2526,Crystal Palace,Jean-Philippe Mateta,FRA,FW,28-133,1997,10,10,869,9.7,6,0,6,4,2,2,2,0,8.0,6.4,0.1,6.5,5,10,42,0.62,0.0,0.62,0.41,0.41,0.83,0.01,0.84,0.66,0.68
ENG-Premier League,2526,Crystal Palace,Jefferson Lerma,COL,MF,31-014,1994,9,2,276,3.1,0,1,1,0,0,0,1,0,0.6,0.6,0.1,0.6,2,15,2,0.0,0.33,0.33,0.0,0.33,0.18,0.02,0.21,0.18,0.21
ENG-Premier League,2526,Crystal Palace,Justin Devenny,NIR,"MF,FW",22-028,2003,8,1,162,1.8,0,0,0,0,0,0,0,0,0.4,0.4,0.1,0.5,5,5,9,0.0,0.0,0.0,0.0,0.0,0.24,0.07,0.3,0.24,0.3
ENG-Premier League,2526,Crystal Palace,Marc Guéhi,ENG,DF,25-118,2000,10,10,900,10.0,1,1,2,1,0,0,0,0,0.9,0.9,1.1,2.0,9,46,4,0.1,0.1,0.2,0.1,0.2,0.09,0.11,0.2,0.09,0.2
ENG-Premier League,2526,Crystal Palace,Maxence Lacroix,FRA,DF,25-216,2000,10,10,900,10.0,0,1,1,0,0,0,1,0,0.3,0.3,0.6,0.9,0,15,3,0.0,0.1,0.1,0.0,0.1,0.03,0.06,0.09,0.03,0.09
ENG-Premier League,2526,Crystal Palace,Nathaniel Clyne,ENG,DF,34-217,1991,1,0,5,0.1,0,0,0,0,0,0,0,0,0.0,0.0,0.0,0.0,0,0,0,0.0,0.0,0.0,0.0,0.0,0.0,0.0,0.0,0.0,0.0
ENG-Premier League,2526,Crystal Palace,Odsonne Édouard,FRA,FW,27-296,1998,1,0,3,0.0,0,0,0,0,0,0,0,0,0.0,0.0,0.0,0.0,0,0,0,0.0,0.0,0.0,0.0,0.0,0.0,0.0,0.0,0.0,0.0
ENG-Premier League,2526,Crystal Palace,Romain Esse,ENG,FW,20-179,2005,1,0,25,0.3,0,0,0,0,0,0,0,0,0.0,0.0,0.0,0.0,0,2,3,0.0,0.0,0.0,0.0,0.0,0.0,0.0,0.0,0.0,0.0
ENG-Premier League,2526,Crystal Palace,Tyrick Mitchell,ENG,DF,26-068,1999,10,10,899,10.0,1,0,1,1,0,0,2,0,0.4,0.4,0.6,1.0,25,16,64,0.1,0.0,0.1,0.1,0.1,0.04,0.06,0.1,0.04,0.1
ENG-Premier League,2526,Crystal Palace,Will Hughes,ENG,MF,30-205,1995,8,5,442,4.9,0,0,0,0,0,0,3,0,0.2,0.2,0.5,0.7,2,29,3,0.0,0.0,0.0,0.0,0.0,0.03,0.11,0.14,0.03,0.14
ENG-Premier League,2526,Crystal Palace,Yeremi Pino,ESP,MF,23-019,2002,8,7,506,5.6,0,0,0,0,0,0,2,0,1.2,1.2,1.2,2.5,10,34,40,0.0,0.0,0.0,0.0,0.0,0.22,0.22,0.44,0.22,0.44
ENG-Premier League,2526,Everton,Beto,GNB,FW,27-281,1998,10,7,597,6.6,1,0,1,1,0,0,1,0,3.9,3.9,0.4,4.3,2,2,27,0.15,0.0,0.15,0.15,0.15,0.59,0.06,0.65,0.59,0.65
ENG-Premier League,2526,Everton,Carlos Alcaraz,ARG,"FW,MF",22-343,2002,8,2,247,2.7,0,0,0,0,0,0,2,0,0.2,0.2,0.0,0.3,2,5,13,0.0,0.0,0.0,0.0,0.0,0.08,0.01,0.1,0.08,0.1
ENG-Premier League,2526,Everton,Dwight McNeil,ENG,"FW,MF",25-351,1999,3,0,54,0.6,0,0,0,0,0,0,0,0,0.2,0.2,0.1,0.4,0,0,2,0.0,0.0,0.0,0.0,0.0,0.41,0.24,0.65,0.41,0.65
ENG-Premier League,2526,Everton,Harrison Armstrong,ENG,FW,18-293,2007,1,0,1,0.0,0,0,0,0,0,0,0,0,0.0,0.0,0.0,0.0,0,0,0,0.0,0.0,0.0,0.0,0.0,0.0,0.0,0.0,0.0,0.0
ENG-Premier League,2526,Everton,Idrissa Gana Gueye,SEN,MF,36-043,1989,10,10,859,9.5,1,0,1,1,0,0,0,0,0.8,0.8,0.2,1.0,4,45,12,0.1,0.0,0.1,0.1,0.1,0.09,0.02,0.11,0.09,0.11
ENG-Premier League,2526,Everton,Iliman Ndiaye,SEN,FW,25-247,2000,10,10,822,9.1,4,1,5,3,1,1,2,0,2.6,1.8,2.0,3.9,33,14,52,0.44,0.11,0.55,0.33,0.44,0.29,0.22,0.51,0.2,0.42
ENG-Premier League,2526,Everton,Jack Grealish,ENG,FW,30-059,1995,9,8,736,8.2,1,4,5,1,0,0,3,0,1.1,1.1,3.1,4.2,60,36,77,0.12,0.49,0.61,0.12,0.61,0.14,0.38,0.51,0.14,0.51
ENG-Premier League,2526,Everton,Jake O'Brien,IRL,DF,24-177,2001,10,10,867,9.6,0,0,0,0,0,0,0,0,0.4,0.4,0.1,0.5,8,24,20,0.0,0.0,0.0,0.0,0.0,0.04,0.01,0.05,0.04,0.05
ENG-Premier League,2526,Everton,James Garner,ENG,"MF,DF",24-240,2001,10,10,900,10.0,1,1,2,1,0,0,4,0,0.8,0.8,0.9,1.7,12,50,15,0.1,0.1,0.2,0.1,0.2,0.08,0.09,0.17,0.08,0.17
ENG-Premier League,2526,Everton,James Tarkowski,ENG,DF,32-354,1992,10,10,900,10.0,0,0,0,0,0,0,1,0,0.4,0.4,0.4,0.9,5,32,4,0.0,0.0,0.0,0.0,0.0,0.04,0.04,0.09,0.04,0.09
ENG-Premier League,2526,Everton,Jordan Pickford,ENG,GK,31-246,1994,10,10,900,10.0,0,0,0,0,0,0,0,0,0.0,0.0,0.0,0.0,0,0,0,0.0,0.0,0.0,0.0,0.0,0.0,0.0,0.0,0.0,0.0
ENG-Premier League,2526,Everton,Kiernan Dewsbury-Hall,ENG,MF,27-063,1998,9,9,797,8.9,1,1,2,1,0,0,5,0,0.7,0.7,2.3,3.0,12,46,35,0.11,0.11,0.23,0.11,0.23,0.08,0.26,0.34,0.08,0.34
ENG-Premier League,2526,Everton,Merlin Röhl,GER,"MF,FW",23-126,2002,3,0,71,0.8,0,0,0,0,0,0,0,0,0.4,0.4,0.1,0.5,1,3,5,0.0,0.0,0.0,0.0,0.0,0.53,0.09,0.62,0.53,0.62
ENG-Premier League,2526,Everton,Michael Keane,ENG,DF,32-301,1993,10,10,874,9.7,1,0,1,1,0,0,0,0,0.8,0.8,0.1,0.9,2,23,2,0.1,0.0,0.1,0.1,0.1,0.08,0.01,0.09,0.08,0.09
ENG-Premier League,2526,Everton,Séamus Coleman,IRL,FW,37-028,1988,2,0,2,0.0,0,0,0,0,0,0,0,0,0.0,0.0,0.0,0.0,0,0,0,0.0,0.0,0.0,0.0,0.0,0.0,0.0,0.0,0.0,0.0
ENG-Premier League,2526,Everton,Thierno Barry,FRA,FW,23-018,2002,10,3,308,3.4,0,0,0,0,0,0,1,0,1.0,1.0,0.0,1.0,2,2,19,0.0,0.0,0.0,0.0,0.0,0.29,0.01,0.3,0.29,0.3
ENG-Premier League,2526,Everton,Tim Iroegbunam,ENG,MF,22-131,2003,7,3,275,3.1,0,0,0,0,0,0,3,0,0.2,0.2,0.0,0.2,2,8,6,0.0,0.0,0.0,0.0,0.0,0.05,0.0,0.05,0.05,0.05
ENG-Premier League,2526,Everton,Tyler Dibling,ENG,FW,19-241,2006,4,1,65,0.7,0,0,0,0,0,0,1,0,0.0,0.0,0.0,0.0,2,0,5,0.0,0.0,0.0,0.0,0.0,0.0,0.0,0.0,0.0,0.0
ENG-Premier League,2526,Everton,Vitaliy Mykolenko,UKR,DF,26-163,1999,7,7,625,6.9,0,0,0,0,0,0,1,0,0.0,0.0,0.2,0.3,9,39,29,0.0,0.0,0.0,0.0,0.0,0.01,0.03,0.04,0.01,0.04
ENG-Premier League,2526,Fulham,Adama Traoré,ESP,FW,29-287,1996,8,1,234,2.6,0,0,0,0,0,0,0,0,0.2,0.2,0.5,0.6,14,3,23,0.0,0.0,0.0,0.0,0.0,0.06,0.18,0.24,0.06,0.24
ENG-Premier League,2526,Fulham,Alex Iwobi,NGA,"FW,MF",29-189,1996,10,10,808,9.0,1,2,3,1,0,0,2,0,0.5,0.5,1.8,2.3,40,56,54,0.11,0.22,0.33,0.11,0.33,0.06,0.2,0.26,0.06,0.26
ENG-Premier League,2526,Fulham,Antonee Robinson,USA,DF,28-092,1997,3,0,64,0.7,0,0,0,0,0,0,0,0,0.0,0.0,0.0,0.0,4,5,10,0.0,0.0,0.0,0.0,0.0,0.0,0.04,0.04,0.0,0.04
ENG-Premier League,2526,Fulham,Bernd Leno,GER,GK,33-249,1992,10,10,900,10.0,0,0,0,0,0,0,1,0,0.0,0.0,0.0,0.0,0,0,0,0.0,0.0,0.0,0.0,0.0,0.0,0.0,0.0,0.0,0.0
ENG-Premier League,2526,Fulham,Calvin Bassey,NGA,DF,25-312,1999,10,9,819,9.1,0,0,0,0,0,0,2,0,0.2,0.2,0.0,0.2,11,23,2,0.0,0.0,0.0,0.0,0.0,0.02,0.0,0.02,0.02,0.02
ENG-Premier League,2526,Fulham,Emile Smith Rowe,ENG,MF,25-103,2000,10,1,222,2.5,1,0,1,1,0,0,0,0,1.0,1.0,0.1,1.1,5,13,12,0.41,0.0,0.41,0.41,0.41,0.41,0.04,0.45,0.41,0.45
ENG-Premier League,2526,Fulham,Harry Wilson,WAL,"FW,MF",28-231,1997,9,7,596,6.6,2,0,2,2,0,0,1,0,1.1,1.1,0.3,1.4,7,12,48,0.3,0.0,0.3,0.3,0.3,0.17,0.04,0.21,0.17,0.21
ENG-Premier League,2526,Fulham,Issa Diop,FRA,DF,28-303,1997,3,2,224,2.5,0,0,0,0,0,0,1,0,0.0,0.0,0.0,0.0,1,7,0,0.0,0.0,0.0,0.0,0.0,0.0,0.0,0.0,0.0,0.0
ENG-Premier League,2526,Fulham,Joachim Andersen,DEN,DF,29-161,1996,9,9,761,8.5,0,0,0,0,0,0,0,0,0.5,0.5,0.7,1.2,7,33,4,0.0,0.0,0.0,0.0,0.0,0.06,0.08,0.14,0.06,0.14
ENG-Premier League,2526,Fulham,Jonah Kusi-Asare,SWE,FW,18-127,2007,1,0,1,0.0,0,0,0,0,0,0,0,0,0.0,0.0,0.0,0.0,0,1,0,0.0,0.0,0.0,0.0,0.0,0.0,0.0,0.0,0.0,0.0
ENG-Premier League,2526,Fulham,Jorge Cuenca,ESP,DF,25-356,1999,3,2,169,1.9,0,0,0,0,0,0,0,0,0.0,0.0,0.0,0.0,0,2,0,0.0,0.0,0.0,0.0,0.0,0.0,0.0,0.0,0.0,0.0
ENG-Premier League,2526,Fulham,Joshua King,ENG,"MF,FW",18-309,2007,10,9,616,6.8,0,0,0,0,0,0,2,0,0.8,0.8,0.2,1.0,17,22,36,0.0,0.0,0.0,0.0,0.0,0.12,0.03,0.14,0.12,0.14
ENG-Premier League,2526,Fulham,Kenny Tete,NED,DF,30-030,1995,7,7,629,7.0,0,0,0,0,0,0,1,0,0.2,0.2,0.2,0.4,9,35,10,0.0,0.0,0.0,0.0,0.0,0.03,0.03,0.05,0.03,0.05
ENG-Premier League,2526,Fulham,Kevin,BRA,"FW,MF",22-308,2003,7,1,232,2.6,0,0,0,0,0,0,1,0,0.1,0.1,0.3,0.3,22,9,23,0.0,0.0,0.0,0.0,0.0,0.02,0.1,0.12,0.02,0.12
ENG-Premier League,2526,Fulham,Raúl Jiménez,MEX,FW,34-187,1991,9,5,395,4.4,1,1,2,1,0,0,0,0,1.2,1.2,0.4,1.6,2,8,21,0.23,0.23,0.46,0.23,0.46,0.28,0.09,0.37,0.28,0.37
ENG-Premier League,2526,Fulham,Rodrigo Muniz,BRA,FW,24-188,2001,6,4,335,3.7,1,1,2,1,0,0,1,0,1.0,1.0,0.3,1.2,0,2,9,0.27,0.27,0.54,0.27,0.54,0.26,0.07,0.33,0.26,0.33
ENG-Premier League,2526,Fulham,Ryan Sessegnon,ENG,DF,25-174,2000,9,9,746,8.3,2,0,2,2,0,0,0,0,0.7,0.7,0.8,1.5,20,29,41,0.24,0.0,0.24,0.24,0.24,0.08,0.1,0.18,0.08,0.18
ENG-Premier League,2526,Fulham,Samuel Chukwueze,NGA,"FW,MF",26-170,1999,3,0,49,0.5,0,1,1,0,0,0,0,0,0.6,0.6,0.5,1.0,4,2,8,0.0,1.84,1.84,0.0,1.84,1.07,0.83,1.91,1.07,1.91
ENG-Premier League,2526,Fulham,Sander Berge,NOR,MF,27-267,1998,10,10,868,9.6,0,0,0,0,0,0,2,0,0.6,0.6,0.5,1.0,13,48,5,0.0,0.0,0.0,0.0,0.0,0.06,0.05,0.11,0.06,0.11
ENG-Premier League,2526,Fulham,Saša Lukić,SRB,MF,29-087,1996,8,8,631,7.0,1,1,2,1,0,0,4,0,1.5,1.5,1.1,2.6,14,22,21,0.14,0.14,0.29,0.14,0.29,0.21,0.16,0.37,0.21,0.37
ENG-Premier League,2526,Fulham,Timothy Castagne,BEL,"DF,FW",29-338,1995,7,5,398,4.4,0,0,0,0,0,0,0,0,0.4,0.4,0.2,0.6,5,9,20,0.0,0.0,0.0,0.0,0.0,0.1,0.04,0.13,0.1,0.13
ENG-Premier League,2526,Fulham,Tom Cairney,SCO,MF,34-292,1991,7,1,203,2.3,0,0,0,0,0,0,1,0,0.4,0.4,0.0,0.4,2,14,3,0.0,0.0,0.0,0.0,0.0,0.18,0.02,0.2,0.18,0.2
ENG-Premier League,2526,Leeds United,Anton Stach,GER,MF,26-358,1998,9,8,709,7.9,1,1,2,1,0,0,1,0,0.9,0.9,1.0,1.9,13,42,22,0.13,0.13,0.25,0.13,0.25,0.11,0.12,0.24,0.11,0.24
ENG-Premier League,2526,Leeds United,Ao Tanaka,JPN,MF,27-059,1998,8,4,323,3.6,0,0,0,0,0,0,0,0,0.2,0.2,0.2,0.4,2,21,4,0.0,0.0,0.0,0.0,0.0,0.05,0.06,0.1,0.05,0.1
ENG-Premier League,2526,Leeds United,Brenden Aaronson,USA,"FW,MF",25-017,2000,10,7,638,7.1,1,0,1,1,0,0,1,0,1.6,1.6,1.2,2.9,17,20,36,0.14,0.0,0.14,0.14,0.14,0.23,0.17,0.4,0.23,0.4
ENG-Premier League,2526,Leeds United,Daniel James,WAL,"FW,MF",27-363,1997,7,3,272,3.0,0,0,0,0,0,0,0,0,0.4,0.4,0.6,1.0,15,7,25,0.0,0.0,0.0,0.0,0.0,0.14,0.19,0.33,0.14,0.33
ENG-Premier League,2526,Leeds United,Dominic Calvert-Lewin,ENG,FW,28-237,1997,8,7,597,6.6,1,0,1,1,0,0,0,0,1.8,1.8,0.9,2.7,6,7,29,0.15,0.0,0.15,0.15,0.15,0.27,0.14,0.41,0.27,0.41
ENG-Premier League,2526,Leeds United,Ethan Ampadu,WAL,MF,25-055,2000,8,8,697,7.7,0,0,0,0,0,0,3,0,0.4,0.4,0.1,0.5,11,29,7,0.0,0.0,0.0,0.0,0.0,0.05,0.01,0.06,0.05,0.06
ENG-Premier League,2526,Leeds United,Gabriel Gudmundsson,SWE,DF,26-193,1999,10,10,830,9.2,0,0,0,0,0,0,1,0,0.2,0.2,1.4,1.5,27,29,33,0.0,0.0,0.0,0.0,0.0,0.02,0.15,0.17,0.02,0.17
ENG-Premier League,2526,Leeds United,Ilia Gruev,BUL,MF,25-186,2000,5,2,213,2.4,0,0,0,0,0,0,1,0,0.0,0.0,0.0,0.0,0,7,0,0.0,0.0,0.0,0.0,0.0,0.0,0.0,0.0,0.0,0.0
ENG-Premier League,2526,Leeds United,Jack Harrison,ENG,FW,28-353,1996,9,1,259,2.9,0,0,0,0,0,0,0,0,0.3,0.3,0.4,0.7,8,8,16,0.0,0.0,0.0,0.0,0.0,0.1,0.14,0.23,0.1,0.23
ENG-Premier League,2526,Leeds United,Jaka Bijol,SVN,DF,26-276,1999,2,2,180,2.0,0,0,0,0,0,0,0,0,0.0,0.0,0.1,0.1,0,2,0,0.0,0.0,0.0,0.0,0.0,0.0,0.04,0.04,0.0,0.04
ENG-Premier League,2526,Leeds United,James Justin,ENG,DF,27-258,1998,5,0,82,0.9,0,0,0,0,0,0,1,0,0.0,0.0,0.0,0.0,0,3,2,0.0,0.0,0.0,0.0,0.0,0.0,0.0,0.0,0.0,0.0
ENG-Premier League,2526,Leeds United,Jayden Bogle,ENG,DF,25-104,2000,10,10,868,9.6,0,0,0,0,0,0,2,0,0.7,0.7,0.2,0.9,22,24,43,0.0,0.0,0.0,0.0,0.0,0.07,0.02,0.09,0.07,0.09
ENG-Premier League,2526,Leeds United,Joe Rodon,WAL,DF,28-017,1997,10,10,900,10.0,2,0,2,2,0,0,0,0,0.7,0.7,0.1,0.8,8,43,0,0.2,0.0,0.2,0.2,0.2,0.07,0.01,0.08,0.07,0.08
ENG-Premier League,2526,Leeds United,Joël Piroe,NED,"FW,MF",26-098,1999,4,2,164,1.8,0,0,0,0,0,0,0,0,0.6,0.6,0.0,0.6,1,1,6,0.0,0.0,0.0,0.0,0.0,0.31,0.0,0.31,0.31,0.31
ENG-Premier League,2526,Leeds United,Karl Darlow,WAL,GK,35-031,1990,5,5,450,5.0,0,0,0,0,0,0,0,0,0.0,0.0,0.0,0.0,0,1,0,0.0,0.0,0.0,0.0,0.0,0.0,0.0,0.0,0.0,0.0
ENG-Premier League,2526,Leeds United,Lucas Perri,BRA,GK,27-333,1997,5,5,450,5.0,0,0,0,0,0,0,1,0,0.0,0.0,0.0,0.0,0,0,0,0.0,0.0,0.0,0.0,0.0,0.0,0.0,0.0,0.0,0.0
ENG-Premier League,2526,Leeds United,Lukas Nmecha,GER,FW,26-329,1998,10,1,206,2.3,1,0,1,0,1,1,0,0,1.8,1.1,0.0,1.1,2,2,12,0.44,0.0,0.44,0.0,0.0,0.78,0.0,0.78,0.46,0.46
ENG-Premier League,2526,Leeds United,Noah Okafor,SUI,"FW,MF",25-168,2000,7,6,427,4.7,2,0,2,2,0,0,2,0,1.4,1.4,0.4,1.8,14,11,34,0.42,0.0,0.42,0.42,0.42,0.29,0.09,0.37,0.29,0.37
ENG-Premier League,2526,Leeds United,Pascal Struijk,NED,DF,26-089,1999,8,8,720,8.0,0,0,0,0,0,0,1,0,0.8,0.8,0.1,0.8,1,23,3,0.0,0.0,0.0,0.0,0.0,0.1,0.01,0.1,0.1,0.1
ENG-Premier League,2526,Leeds United,Sam Byram,ENG,DF,32-053,1993,1,0,8,0.1,0,0,0,0,0,0,0,0,0.0,0.0,0.0,0.0,0,0,0,0.0,0.0,0.0,0.0,0.0,0.0,0.0,0.0,0.0,0.0
ENG-Premier League,2526,Leeds United,Sean Longstaff,ENG,MF,28-009,1997,10,8,715,7.9,1,2,3,1,0,0,0,0,0.7,0.7,1.8,2.5,2,22,14,0.13,0.25,0.38,0.13,0.38,0.09,0.22,0.31,0.09,0.31
ENG-Premier League,2526,Leeds United,Wilfried Gnonto,ITA,FW,22-003,2003,4,3,192,2.1,0,0,0,0,0,0,1,0,0.2,0.2,0.1,0.3,4,4,14,0.0,0.0,0.0,0.0,0.0,0.08,0.04,0.12,0.08,0.12
ENG-Premier League,2526,Liverpool,Alexander Isak,SWE,FW,26-048,1999,4,3,251,2.8,0,1,1,0,0,0,0,0,0.9,0.9,0.5,1.5,1,7,11,0.0,0.36,0.36,0.0,0.36,0.34,0.2,0.54,0.34,0.54
ENG-Premier League,2526,Liverpool,Alexis Mac Allister,ARG,MF,26-319,1998,9,8,565,6.3,0,2,2,0,0,0,0,0,0.7,0.7,1.3,2.0,13,25,18,0.0,0.32,0.32,0.0,0.32,0.1,0.21,0.32,0.1,0.32
ENG-Premier League,2526,Liverpool,Alisson,BRA,GK,33-037,1992,6,6,540,6.0,0,0,0,0,0,0,0,0,0.0,0.0,0.0,0.0,0,4,0,0.0,0.0,0.0,0.0,0.0,0.0,0.0,0.0,0.0,0.0
ENG-Premier League,2526,Liverpool,Andrew Robertson,SCO,DF,31-242,1994,5,1,240,2.7,0,0,0,0,0,0,0,0,0.2,0.2,0.5,0.7,7,17,17,0.0,0.0,0.0,0.0,0.0,0.08,0.17,0.25,0.08,0.25
ENG-Premier League,2526,Liverpool,Cody Gakpo,NED,"FW,MF",26-185,1999,10,9,794,8.8,3,2,5,3,0,0,0,0,2.9,2.9,2.9,5.8,37,30,94,0.34,0.23,0.57,0.34,0.57,0.33,0.33,0.66,0.33,0.66
ENG-Premier League,2526,Liverpool,Conor Bradley,NIR,DF,22-122,2003,8,6,448,5.0,0,0,0,0,0,0,3,0,0.1,0.1,0.0,0.1,16,22,21,0.0,0.0,0.0,0.0,0.0,0.02,0.0,0.02,0.02,0.02
ENG-Premier League,2526,Liverpool,Curtis Jones,ENG,MF,24-282,2001,8,2,327,3.6,0,0,0,0,0,0,0,0,0.3,0.3,0.4,0.7,13,46,12,0.0,0.0,0.0,0.0,0.0,0.09,0.11,0.19,0.09,0.19
ENG-Premier League,2526,Liverpool,Dominik Szoboszlai,HUN,"MF,DF",25-014,2000,10,10,900,10.0,1,1,2,1,0,0,3,0,1.3,1.3,1.5,2.8,29,76,46,0.1,0.1,0.2,0.1,0.2,0.13,0.15,0.28,0.13,0.28
ENG-Premier League,2526,Liverpool,Federico Chiesa,ITA,"FW,MF",28-014,1997,7,0,117,1.3,2,1,3,2,0,0,1,0,0.9,0.9,0.9,1.8,3,6,11,1.54,0.77,2.31,1.54,2.31,0.66,0.71,1.38,0.66,1.38
ENG-Premier League,2526,Liverpool,Florian Wirtz,GER,"MF,FW",22-189,2003,10,6,607,6.7,0,0,0,0,0,0,1,0,1.2,1.2,1.1,2.3,20,45,48,0.0,0.0,0.0,0.0,0.0,0.18,0.17,0.35,0.18,0.35
ENG-Premier League,2526,Liverpool,Giorgi Mamardashvili,GEO,GK,25-040,2000,4,4,360,4.0,0,0,0,0,0,0,0,0,0.0,0.0,0.0,0.0,0,0,0,0.0,0.0,0.0,0.0,0.0,0.0,0.0,0.0,0.0,0.0
ENG-Premier League,2526,Liverpool,Harvey Elliott,ENG,"MF,FW",22-218,2003,1,0,1,0.0,0,0,0,0,0,0,0,0,0.0,0.0,0.0,0.0,0,0,1,0.0,0.0,0.0,0.0,0.0,0.0,0.0,0.0,0.0,0.0
ENG-Premier League,2526,Liverpool,Hugo Ekitike,FRA,FW,23-141,2002,9,7,577,6.4,3,1,4,3,0,0,0,0,2.3,2.3,0.4,2.8,10,10,32,0.47,0.16,0.62,0.47,0.62,0.37,0.07,0.43,0.37,0.43
ENG-Premier League,2526,Liverpool,Ibrahima Konaté,FRA,DF,26-167,1999,10,10,832,9.2,0,0,0,0,0,0,2,0,0.8,0.8,0.5,1.3,12,39,0,0.0,0.0,0.0,0.0,0.0,0.08,0.06,0.14,0.08,0.14
ENG-Premier League,2526,Liverpool,Jeremie Frimpong,NED,"DF,MF",24-333,2000,4,1,86,1.0,0,0,0,0,0,0,0,0,0.1,0.1,0.3,0.4,4,3,10,0.0,0.0,0.0,0.0,0.0,0.08,0.31,0.39,0.08,0.39
ENG-Premier League,2526,Liverpool,Joe Gomez,ENG,DF,28-169,1997,3,0,39,0.4,0,0,0,0,0,0,0,0,0.1,0.1,0.0,0.1,0,1,1,0.0,0.0,0.0,0.0,0.0,0.3,0.0,0.3,0.3,0.3
ENG-Premier League,2526,Liverpool,Milos Kerkez,HUN,DF,22-001,2003,9,9,660,7.3,1,0,1,1,0,0,3,0,0.8,0.8,0.3,1.1,12,34,38,0.14,0.0,0.14,0.14,0.14,0.11,0.04,0.15,0.11,0.15
ENG-Premier League,2526,Liverpool,Mohamed Salah,EGY,FW,33-146,1992,10,10,893,9.9,4,2,6,3,1,1,1,0,3.3,2.5,1.7,4.1,34,37,108,0.4,0.2,0.6,0.3,0.5,0.33,0.17,0.5,0.25,0.42
ENG-Premier League,2526,Liverpool,Rio Ngumoha,ENG,"FW,MF",17-071,2008,4,0,33,0.4,1,0,1,1,0,0,0,0,0.4,0.4,0.1,0.4,5,0,10,2.73,0.0,2.73,2.73,2.73,0.97,0.26,1.23,0.97,1.23
ENG-Premier League,2526,Liverpool,Ryan Gravenberch,NED,MF,23-176,2002,8,8,691,7.7,3,1,4,3,0,0,2,0,0.6,0.6,0.7,1.3,21,42,20,0.39,0.13,0.52,0.39,0.52,0.08,0.09,0.17,0.08,0.17
ENG-Premier League,2526,Liverpool,Virgil van Dijk,NED,DF,34-123,1991,10,10,900,10.0,0,0,0,0,0,0,2,0,0.4,0.4,0.1,0.5,13,63,7,0.0,0.0,0.0,0.0,0.0,0.04,0.01,0.05,0.04,0.05
ENG-Premier League,2526,Liverpool,Wataru Endo,JPN,"MF,DF",32-272,1993,4,0,39,0.4,0,1,1,0,0,0,1,0,0.0,0.0,0.1,0.1,2,1,0,0.0,2.31,2.31,0.0,2.31,0.0,0.25,0.25,0.0,0.25
ENG-Premier League,2526,Manchester City,Abdukodir Khusanov,UZB,DF,21-252,2004,4,3,228,2.5,0,0,0,0,0,0,1,0,0.0,0.0,0.0,0.0,2,5,4,0.0,0.0,0.0,0.0,0.0,0.0,0.0,0.0,0.0,0.0
ENG-Premier League,2526,Manchester City,Bernardo Silva,POR,MF,31-090,1994,10,6,554,6.2,0,1,1,0,0,0,1,0,0.1,0.1,1.9,1.9,7,23,27,0.0,0.16,0.16,0.0,0.16,0.01,0.31,0.31,0.01,0.31
ENG-Premier League,2526,Manchester City,Erling Haaland,NOR,FW,25-110,2000,10,10,854,9.5,13,1,14,13,0,0,0,0,10.2,10.2,1.1,11.4,22,6,33,1.37,0.11,1.48,1.37,1.48,1.08,0.12,1.2,1.08,1.2
ENG-Premier League,2526,Manchester City,Gianluigi Donnarumma,ITA,GK,26-256,1999,7,7,630,7.0,0,0,0,0,0,0,2,0,0.0,0.0,0.0,0.0,0,0,0,0.0,0.0,0.0,0.0,0.0,0.0,0.0,0.0,0.0,0.0
ENG-Premier League,2526,Manchester City,James Trafford,ENG,GK,23-029,2002,3,3,270,3.0,0,0,0,0,0,0,0,0,0.0,0.0,0.0,0.0,0,0,0,0.0,0.0,0.0,0.0,0.0,0.0,0.0,0.0,0.0,0.0
ENG-Premier League,2526,Manchester City,Jeremy Doku,BEL,"MF,FW",23-165,2002,10,6,548,6.1,0,3,3,0,0,0,0,0,0.9,0.9,3.5,4.4,63,29,71,0.0,0.49,0.49,0.0,0.49,0.15,0.57,0.72,0.15,0.72
ENG-Premier League,2526,Manchester City,John Stones,ENG,DF,31-164,1994,5,4,325,3.6,0,0,0,0,0,0,0,0,0.0,0.0,0.1,0.1,3,15,4,0.0,0.0,0.0,0.0,0.0,0.0,0.02,0.02,0.0,0.02
ENG-Premier League,2526,Manchester City,Joško Gvardiol,CRO,DF,23-289,2002,6,6,519,5.8,0,1,1,0,0,0,0,0,0.2,0.2,0.3,0.5,7,34,0,0.0,0.17,0.17,0.0,0.17,0.03,0.05,0.08,0.03,0.08
ENG-Premier League,2526,Manchester City,Mateo Kovačić,CRO,MF,31-186,1994,1,0,5,0.1,0,0,0,0,0,0,0,0,0.0,0.0,0.0,0.0,0,1,0,0.0,0.0,0.0,0.0,0.0,0.0,0.0,0.0,0.0,0.0
ENG-Premier League,2526,Manchester City,Matheus Nunes,POR,DF,27-073,1998,8,6,604,6.7,1,0,1,1,0,0,1,0,0.2,0.2,0.2,0.4,16,31,23,0.15,0.0,0.15,0.15,0.15,0.04,0.02,0.06,0.04,0.06
ENG-Premier League,2526,Manchester City,Nathan Aké,NED,DF,30-263,1995,5,1,205,2.3,0,0,0,0,0,0,0,0,0.3,0.3,0.1,0.4,4,20,2,0.0,0.0,0.0,0.0,0.0,0.12,0.04,0.16,0.12,0.16
ENG-Premier League,2526,Manchester City,Nico O’Reilly,ENG,DF,20-232,2005,9,6,596,6.6,1,1,2,1,0,0,2,0,0.8,0.8,0.7,1.6,23,12,33,0.15,0.15,0.3,0.15,0.3,0.13,0.11,0.23,0.13,0.23
ENG-Premier League,2526,Manchester City,Nicolás González,ESP,MF,23-309,2002,9,5,558,6.2,0,0,0,0,0,0,2,0,0.2,0.2,0.4,0.6,9,35,7,0.0,0.0,0.0,0.0,0.0,0.04,0.06,0.1,0.04,0.1
ENG-Premier League,2526,Manchester City,Omar Marmoush,EGY,"FW,MF",26-274,1999,5,2,165,1.8,0,1,1,0,0,0,0,0,1.0,1.0,1.0,1.9,7,5,15,0.0,0.55,0.55,0.0,0.55,0.53,0.52,1.05,0.53,1.05
ENG-Premier League,2526,Manchester City,Oscar Bobb,NOR,"MF,FW",22-119,2003,8,5,454,5.0,0,1,1,0,0,0,0,0,0.4,0.4,0.6,1.0,16,17,52,0.0,0.2,0.2,0.0,0.2,0.07,0.13,0.2,0.07,0.2
ENG-Premier League,2526,Manchester City,Phil Foden,ENG,MF,25-164,2000,8,7,622,6.9,1,1,2,1,0,0,3,0,1.1,1.1,1.2,2.3,13,32,37,0.14,0.14,0.29,0.14,0.29,0.16,0.17,0.34,0.16,0.34
ENG-Premier League,2526,Manchester City,Rayan Aït-Nouri,ALG,DF,24-155,2001,4,3,203,2.3,0,0,0,0,0,0,1,0,0.0,0.0,0.2,0.2,7,7,8,0.0,0.0,0.0,0.0,0.0,0.02,0.09,0.11,0.02,0.11
ENG-Premier League,2526,Manchester City,Rayan Cherki,FRA,"MF,FW",22-083,2003,5,2,164,1.8,1,2,3,1,0,0,0,0,0.5,0.5,1.6,2.1,5,13,8,0.55,1.1,1.65,0.55,1.65,0.28,0.87,1.15,0.28,1.15
ENG-Premier League,2526,Manchester City,Rico Lewis,ENG,DF,20-352,2004,5,2,175,1.9,0,1,1,0,0,0,0,0,0.0,0.0,1.0,1.0,2,19,9,0.0,0.51,0.51,0.0,0.51,0.01,0.52,0.53,0.01,0.53
ENG-Premier League,2526,Manchester City,Rodri,ESP,MF,29-139,1996,6,4,293,3.3,0,0,0,0,0,0,0,0,0.1,0.1,0.1,0.2,4,20,5,0.0,0.0,0.0,0.0,0.0,0.04,0.03,0.07,0.04,0.07
ENG-Premier League,2526,Manchester City,Rúben Dias,POR,DF,28-178,1997,10,9,816,9.1,0,0,0,0,0,0,0,0,0.1,0.1,0.0,0.2,9,30,0,0.0,0.0,0.0,0.0,0.0,0.01,0.0,0.02,0.01,0.02
ENG-Premier League,2526,Manchester City,Sávio,BRA,MF,21-212,2004,7,4,354,3.9,0,1,1,0,0,0,1,0,0.2,0.2,0.4,0.7,27,8,31,0.0,0.25,0.25,0.0,0.25,0.06,0.11,0.18,0.06,0.18
ENG-Premier League,2526,Manchester City,Tijjani Reijnders,NED,MF,27-102,1998,10,9,758,8.4,1,2,3,1,0,0,2,0,1.5,1.5,1.4,2.9,22,39,28,0.12,0.24,0.36,0.12,0.36,0.18,0.17,0.35,0.18,0.35
ENG-Premier League,2526,Manchester Utd,Altay Bayındır,TUR,GK,27-208,1998,6,6,540,6.0,0,0,0,0,0,0,0,0,0.0,0.0,0.2,0.2,0,0,0,0.0,0.0,0.0,0.0,0.0,0.0,0.04,0.04,0.0,0.04
ENG-Premier League,2526,Manchester Utd,Amad Diallo,CIV,"DF,MF",23-120,2002,9,8,664,7.4,1,1,2,1,0,0,1,0,2.1,2.1,1.2,3.3,40,32,61,0.14,0.14,0.27,0.14,0.27,0.28,0.17,0.45,0.28,0.45
ENG-Premier League,2526,Manchester Utd,Ayden Heaven,ENG,DF,19-047,2006,2,0,30,0.3,0,1,1,0,0,0,0,0,0.0,0.0,0.3,0.3,0,1,0,0.0,3.0,3.0,0.0,3.0,0.0,0.95,0.95,0.0,0.95
ENG-Premier League,2526,Manchester Utd,Benjamin Šeško,SVN,FW,22-161,2003,10,6,588,6.5,2,1,3,2,0,0,1,0,2.1,2.1,0.3,2.4,4,9,22,0.31,0.15,0.46,0.31,0.46,0.31,0.05,0.37,0.31,0.37
ENG-Premier League,2526,Manchester Utd,Bruno Fernandes,POR,MF,31-061,1994,10,10,890,9.9,2,2,4,1,1,3,2,0,4.4,2.0,2.2,4.2,15,80,29,0.2,0.2,0.4,0.1,0.3,0.45,0.22,0.67,0.21,0.43
ENG-Premier League,2526,Manchester Utd,Bryan Mbeumo,CMR,MF,26-093,1999,10,10,865,9.6,4,1,5,4,0,0,0,0,2.9,2.9,2.5,5.4,28,24,92,0.42,0.1,0.52,0.42,0.52,0.31,0.26,0.57,0.31,0.57
ENG-Premier League,2526,Manchester Utd,Casemiro,BRA,MF,33-258,1992,9,8,543,6.0,3,1,4,3,0,0,5,1,1.3,1.3,0.7,2.0,1,29,9,0.5,0.17,0.66,0.5,0.66,0.22,0.11,0.33,0.22,0.33
ENG-Premier League,2526,Manchester Utd,Diogo Dalot,POR,DF,26-235,1999,8,7,583,6.5,0,1,1,0,0,0,0,0,0.1,0.1,1.0,1.1,16,15,40,0.0,0.15,0.15,0.0,0.15,0.01,0.16,0.17,0.01,0.17
ENG-Premier League,2526,Manchester Utd,Harry Maguire,ENG,DF,32-248,1993,7,3,274,3.0,1,1,2,1,0,0,0,0,0.3,0.3,0.4,0.7,1,12,2,0.33,0.33,0.66,0.33,0.66,0.1,0.12,0.22,0.1,0.22
ENG-Premier League,2526,Manchester Utd,Joshua Zirkzee,NED,"FW,MF",24-170,2001,4,0,86,1.0,0,0,0,0,0,0,0,0,0.8,0.8,0.0,0.8,0,4,5,0.0,0.0,0.0,0.0,0.0,0.81,0.05,0.86,0.81,0.86
ENG-Premier League,2526,Manchester Utd,Kobbie Mainoo,ENG,MF,20-203,2005,7,0,144,1.6,0,0,0,0,0,0,0,0,0.1,0.1,0.2,0.2,5,7,4,0.0,0.0,0.0,0.0,0.0,0.04,0.11,0.15,0.04,0.15
ENG-Premier League,2526,Manchester Utd,Leny Yoro,FRA,DF,19-360,2005,10,7,623,6.9,0,0,0,0,0,0,0,0,0.3,0.3,0.0,0.3,5,27,3,0.0,0.0,0.0,0.0,0.0,0.04,0.0,0.04,0.04,0.04
ENG-Premier League,2526,Manchester Utd,Luke Shaw,ENG,DF,30-119,1995,10,10,843,9.4,0,1,1,0,0,0,0,0,0.1,0.1,0.1,0.2,9,39,7,0.0,0.11,0.11,0.0,0.11,0.01,0.01,0.02,0.01,0.02
ENG-Premier League,2526,Manchester Utd,Manuel Ugarte,URU,MF,24-211,2001,8,2,285,3.2,0,0,0,0,0,0,0,0,0.0,0.0,0.0,0.1,4,19,3,0.0,0.0,0.0,0.0,0.0,0.02,0.01,0.02,0.02,0.02
ENG-Premier League,2526,Manchester Utd,Mason Mount,ENG,MF,26-302,1999,7,5,332,3.7,1,0,1,1,0,0,0,0,0.5,0.5,0.5,1.0,5,19,15,0.27,0.0,0.27,0.27,0.27,0.14,0.13,0.26,0.14,0.26
ENG-Premier League,2526,Manchester Utd,Matheus Cunha,BRA,"MF,FW",26-165,1999,9,7,612,6.8,1,0,1,1,0,0,0,0,1.5,1.5,0.6,2.2,19,25,30,0.15,0.0,0.15,0.15,0.15,0.23,0.09,0.32,0.23,0.32
ENG-Premier League,2526,Manchester Utd,Matthijs de Ligt,NED,DF,26-088,1999,10,10,900,10.0,0,0,0,0,0,0,0,0,0.9,0.9,0.5,1.4,3,16,6,0.0,0.0,0.0,0.0,0.0,0.09,0.05,0.14,0.09,0.14
ENG-Premier League,2526,Manchester Utd,Noussair Mazraoui,MAR,DF,27-359,1997,4,2,145,1.6,0,0,0,0,0,0,1,0,0.0,0.0,0.0,0.0,7,21,13,0.0,0.0,0.0,0.0,0.0,0.0,0.0,0.0,0.0,0.0
ENG-Premier League,2526,Manchester Utd,Patrick Dorgu,DEN,DF,21-013,2004,9,5,547,6.1,0,1,1,0,0,0,3,0,0.5,0.5,0.9,1.4,18,8,45,0.0,0.16,0.16,0.0,0.16,0.09,0.15,0.24,0.09,0.24
ENG-Premier League,2526,Manchester Utd,Senne Lammens,BEL,GK,23-124,2002,4,4,360,4.0,0,0,0,0,0,0,0,0,0.0,0.0,0.0,0.0,0,0,0,0.0,0.0,0.0,0.0,0.0,0.0,0.0,0.0,0.0,0.0
ENG-Premier League,2526,Newcastle Utd,Anthony Elanga,SWE,"FW,MF",23-195,2002,10,4,403,4.5,0,0,0,0,0,0,0,0,0.8,0.8,0.6,1.4,17,7,61,0.0,0.0,0.0,0.0,0.0,0.18,0.14,0.31,0.18,0.31
ENG-Premier League,2526,Newcastle Utd,Anthony Gordon,ENG,FW,24-257,2001,7,7,458,5.1,0,0,0,0,0,0,0,1,1.4,1.4,1.0,2.4,21,16,38,0.0,0.0,0.0,0.0,0.0,0.27,0.19,0.46,0.27,0.46
ENG-Premier League,2526,Newcastle Utd,Bruno Guimarães,BRA,MF,27-357,1997,9,9,805,8.9,3,1,4,3,0,0,3,0,1.5,1.5,0.6,2.1,10,68,23,0.34,0.11,0.45,0.34,0.45,0.17,0.07,0.23,0.17,0.23
ENG-Premier League,2526,Newcastle Utd,Dan Burn,ENG,DF,33-183,1992,10,10,900,10.0,0,1,1,0,0,0,3,0,0.1,0.1,0.1,0.2,3,31,19,0.0,0.1,0.1,0.0,0.1,0.01,0.01,0.02,0.01,0.02
ENG-Premier League,2526,Newcastle Utd,Emil Krafth,SWE,DF,31-098,1994,1,1,45,0.5,0,0,0,0,0,0,0,0,0.0,0.0,0.0,0.0,0,2,5,0.0,0.0,0.0,0.0,0.0,0.0,0.0,0.0,0.0,0.0
ENG-Premier League,2526,Newcastle Utd,Fabian Schär,SUI,DF,33-323,1991,6,4,425,4.7,0,0,0,0,0,0,0,0,0.1,0.1,0.1,0.2,5,24,1,0.0,0.0,0.0,0.0,0.0,0.02,0.02,0.05,0.02,0.05
ENG-Premier League,2526,Newcastle Utd,Harvey Barnes,ENG,FW,27-334,1997,10,3,394,4.4,0,0,0,0,0,0,0,0,1.0,1.0,0.8,1.8,17,16,44,0.0,0.0,0.0,0.0,0.0,0.22,0.19,0.41,0.22,0.41
ENG-Premier League,2526,Newcastle Utd,Jacob Murphy,ENG,"FW,MF",30-257,1995,9,6,492,5.5,2,1,3,2,0,0,0,0,2.2,2.2,1.2,3.4,15,15,70,0.37,0.18,0.55,0.37,0.55,0.41,0.21,0.62,0.41,0.62
ENG-Premier League,2526,Newcastle Utd,Jacob Ramsey,ENG,MF,24-164,2001,4,1,126,1.4,0,0,0,0,0,0,1,0,0.0,0.0,0.3,0.3,6,7,11,0.0,0.0,0.0,0.0,0.0,0.02,0.23,0.25,0.02,0.25
ENG-Premier League,2526,Newcastle Utd,Jamaal Lascelles,ENG,DF,31-362,1993,2,0,21,0.2,0,0,0,0,0,0,0,0,0.0,0.0,0.0,0.0,0,0,1,0.0,0.0,0.0,0.0,0.0,0.16,0.0,0.16,0.16,0.16
ENG-Premier League,2526,Newcastle Utd,Joe Willock,ENG,MF,26-080,1999,2,1,87,1.0,0,0,0,0,0,0,0,0,0.1,0.1,0.0,0.1,3,1,4,0.0,0.0,0.0,0.0,0.0,0.09,0.0,0.09,0.09,0.09
ENG-Premier League,2526,Newcastle Utd,Joelinton,BRA,MF,29-086,1996,8,8,624,6.9,0,0,0,0,0,0,2,0,0.7,0.7,0.9,1.5,12,36,29,0.0,0.0,0.0,0.0,0.0,0.1,0.13,0.22,0.1,0.22
ENG-Premier League,2526,Newcastle Utd,Kieran Trippier,ENG,DF,35-050,1990,8,7,609,6.8,0,0,0,0,0,0,0,0,0.0,0.0,0.8,0.8,9,64,33,0.0,0.0,0.0,0.0,0.0,0.0,0.12,0.12,0.0,0.12
ENG-Premier League,2526,Newcastle Utd,Lewis Hall,ENG,DF,21-061,2004,3,1,135,1.5,0,0,0,0,0,0,0,0,0.0,0.0,0.0,0.0,0,9,7,0.0,0.0,0.0,0.0,0.0,0.02,0.0,0.02,0.02,0.02
ENG-Premier League,2526,Newcastle Utd,Lewis Miley,ENG,MF,19-191,2006,7,2,274,3.0,0,1,1,0,0,0,0,0,0.0,0.0,0.3,0.3,2,10,9,0.0,0.33,0.33,0.0,0.33,0.01,0.09,0.1,0.01,0.1
ENG-Premier League,2526,Newcastle Utd,Malick Thiaw,GER,DF,24-092,2001,7,6,543,6.0,0,0,0,0,0,0,1,0,0.6,0.6,0.3,0.9,9,34,10,0.0,0.0,0.0,0.0,0.0,0.11,0.05,0.15,0.11,0.15
ENG-Premier League,2526,Newcastle Utd,Nick Pope,ENG,GK,33-203,1992,10,10,900,10.0,0,0,0,0,0,0,1,0,0.0,0.0,0.0,0.0,0,0,0,0.0,0.0,0.0,0.0,0.0,0.0,0.0,0.0,0.0,0.0
ENG-Premier League,2526,Newcastle Utd,Nick Woltemade,GER,FW,23-267,2002,7,7,522,5.8,4,0,4,3,1,1,0,0,3.0,2.2,0.3,2.5,4,9,22,0.69,0.0,0.69,0.52,0.52,0.52,0.04,0.56,0.38,0.43
ENG-Premier League,2526,Newcastle Utd,Sandro Tonali,ITA,MF,25-184,2000,10,9,794,8.8,0,1,1,0,0,0,0,0,0.4,0.4,1.6,2.1,19,73,22,0.0,0.11,0.11,0.0,0.11,0.05,0.19,0.24,0.05,0.24
ENG-Premier League,2526,Newcastle Utd,Sven Botman,NED,DF,25-300,2000,8,7,552,6.1,0,0,0,0,0,0,0,0,0.1,0.1,0.6,0.7,1,19,2,0.0,0.0,0.0,0.0,0.0,0.02,0.09,0.11,0.02,0.11
ENG-Premier League,2526,Newcastle Utd,Valentino Livramento,ENG,DF,22-361,2002,6,6,526,5.8,0,1,1,0,0,0,0,0,0.0,0.0,0.2,0.2,14,24,38,0.0,0.17,0.17,0.0,0.17,0.0,0.03,0.03,0.0,0.03
ENG-Premier League,2526,Newcastle Utd,William Osula,DEN,FW,22-096,2003,10,1,219,2.4,1,0,1,1,0,0,0,0,0.6,0.6,0.1,0.7,4,2,12,0.41,0.0,0.41,0.41,0.41,0.27,0.03,0.3,0.27,0.3
ENG-Premier League,2526,Nott'ham Forest,Arnaud Kalimuendo,FRA,FW,23-292,2002,6,0,71,0.8,0,0,0,0,0,0,0,0,0.4,0.4,0.0,0.4,4,2,12,0.0,0.0,0.0,0.0,0.0,0.44,0.02,0.46,0.44,0.46
ENG-Premier League,2526,Nott'ham Forest,Callum Hudson-Odoi,ENG,FW,25-001,2000,10,6,570,6.3,1,0,1,1,0,0,0,0,0.6,0.6,1.7,2.3,35,29,79,0.16,0.0,0.16,0.16,0.16,0.09,0.26,0.36,0.09,0.36
ENG-Premier League,2526,Nott'ham Forest,Chris Wood,NZL,FW,33-336,1991,8,7,540,6.0,2,0,2,2,0,0,0,0,2.7,2.7,0.2,2.9,0,7,16,0.33,0.0,0.33,0.33,0.33,0.45,0.03,0.48,0.45,0.48
ENG-Premier League,2526,Nott'ham Forest,Dan Ndoye,SUI,FW,25-014,2000,9,9,664,7.4,1,1,2,1,0,0,1,0,0.2,0.2,0.6,0.8,32,15,66,0.14,0.14,0.27,0.14,0.27,0.03,0.08,0.11,0.03,0.11
ENG-Premier League,2526,Nott'ham Forest,Dilane Bakwa,FRA,"FW,MF",23-074,2002,4,2,174,1.9,0,0,0,0,0,0,0,0,0.1,0.1,0.4,0.5,6,9,22,0.0,0.0,0.0,0.0,0.0,0.07,0.2,0.27,0.07,0.27
ENG-Premier League,2526,Nott'ham Forest,Douglas Luiz,BRA,MF,27-183,1998,4,4,185,2.1,0,0,0,0,0,0,1,0,0.0,0.0,0.6,0.6,4,2,6,0.0,0.0,0.0,0.0,0.0,0.01,0.27,0.28,0.01,0.28
ENG-Premier League,2526,Nott'ham Forest,Elliot Anderson,ENG,MF,23-002,2002,10,10,900,10.0,0,1,1,0,0,0,2,0,0.8,0.8,1.7,2.4,13,89,27,0.0,0.1,0.1,0.0,0.1,0.08,0.17,0.24,0.08,0.24
ENG-Premier League,2526,Nott'ham Forest,Ibrahim Sangaré,CIV,MF,27-341,1997,7,5,443,4.9,0,0,0,0,0,0,1,0,0.2,0.2,0.0,0.3,5,32,2,0.0,0.0,0.0,0.0,0.0,0.05,0.0,0.05,0.05,0.05
ENG-Premier League,2526,Nott'ham Forest,Igor Jesus,BRA,"FW,MF",24-256,2001,9,2,273,3.0,0,0,0,0,0,0,0,0,1.2,1.2,0.1,1.3,1,3,13,0.0,0.0,0.0,0.0,0.0,0.39,0.03,0.42,0.39,0.42
ENG-Premier League,2526,Nott'ham Forest,Jair Cunha,BRA,DF,20-246,2005,1,1,90,1.0,0,0,0,0,0,0,0,0,0.0,0.0,0.0,0.0,0,1,0,0.0,0.0,0.0,0.0,0.0,0.0,0.0,0.0,0.0,0.0
ENG-Premier League,2526,Nott'ham Forest,James Mcatee,ENG,"MF,FW",23-021,2002,4,1,129,1.4,0,0,0,0,0,0,0,0,0.0,0.0,0.4,0.4,4,9,8,0.0,0.0,0.0,0.0,0.0,0.01,0.25,0.26,0.01,0.26
ENG-Premier League,2526,Nott'ham Forest,Jota Silva,POR,FW,26-099,1999,1,0,12,0.1,0,0,0,0,0,0,0,0,0.0,0.0,0.0,0.0,0,0,1,0.0,0.0,0.0,0.0,0.0,0.0,0.0,0.0,0.0,0.0
ENG-Premier League,2526,Nott'ham Forest,Matz Sels,BEL,GK,33-255,1992,10,10,900,10.0,0,0,0,0,0,0,1,0,0.0,0.0,0.0,0.0,0,0,0,0.0,0.0,0.0,0.0,0.0,0.0,0.0,0.0,0.0,0.0
ENG-Premier League,2526,Nott'ham Forest,Morato,BRA,DF,24-131,2001,5,5,436,4.8,0,0,0,0,0,0,3,0,0.0,0.0,0.0,0.0,1,15,0,0.0,0.0,0.0,0.0,0.0,0.01,0.0,0.01,0.01,0.01
ENG-Premier League,2526,Nott'ham Forest,Morgan Gibbs-White,ENG,"MF,FW",25-285,2000,10,9,819,9.1,1,1,2,1,0,0,0,0,1.9,1.9,0.7,2.6,22,63,74,0.11,0.11,0.22,0.11,0.22,0.21,0.07,0.29,0.21,0.29
ENG-Premier League,2526,Nott'ham Forest,Murillo,BRA,DF,23-127,2002,7,7,559,6.2,0,0,0,0,0,0,1,0,0.1,0.1,0.0,0.1,3,29,0,0.0,0.0,0.0,0.0,0.0,0.01,0.0,0.01,0.01,0.01
ENG-Premier League,2526,Nott'ham Forest,Neco Williams,WAL,"DF,MF",24-209,2001,10,10,900,10.0,1,0,1,1,0,0,4,0,0.8,0.8,0.5,1.3,24,45,50,0.1,0.0,0.1,0.1,0.1,0.08,0.05,0.13,0.08,0.13
ENG-Premier League,2526,Nott'ham Forest,Nicolás Domínguez,ARG,"MF,FW",27-133,1998,2,1,53,0.6,0,0,0,0,0,0,1,0,0.0,0.0,0.0,0.0,0,6,1,0.0,0.0,0.0,0.0,0.0,0.0,0.04,0.04,0.0,0.04
ENG-Premier League,2526,Nott'ham Forest,Nicolò Savona,ITA,"DF,MF",22-234,2003,5,3,341,3.8,1,0,1,1,0,0,0,0,0.8,0.8,0.0,0.8,6,12,19,0.26,0.0,0.26,0.26,0.26,0.21,0.01,0.21,0.21,0.21
ENG-Premier League,2526,Nott'ham Forest,Nikola Milenković,SRB,DF,28-027,1997,10,10,900,10.0,0,0,0,0,0,0,1,0,0.6,0.6,0.3,0.9,5,30,0,0.0,0.0,0.0,0.0,0.0,0.06,0.03,0.09,0.06,0.09
ENG-Premier League,2526,Nott'ham Forest,Ola Aina,NGA,DF,29-031,1996,3,3,270,3.0,0,0,0,0,0,0,1,0,0.0,0.0,0.1,0.2,5,11,8,0.0,0.0,0.0,0.0,0.0,0.01,0.05,0.06,0.01,0.06
ENG-Premier League,2526,Nott'ham Forest,Oleksandr Zinchenko,UKR,DF,28-328,1996,3,3,253,2.8,0,0,0,0,0,0,0,0,0.0,0.0,0.5,0.5,6,22,7,0.0,0.0,0.0,0.0,0.0,0.02,0.16,0.18,0.02,0.18
ENG-Premier League,2526,Nott'ham Forest,Omari Hutchinson,ENG,"FW,MF",22-009,2003,5,0,102,1.1,0,0,0,0,0,0,0,0,0.4,0.4,0.7,1.1,6,3,22,0.0,0.0,0.0,0.0,0.0,0.37,0.59,0.97,0.37,0.97
ENG-Premier League,2526,Nott'ham Forest,Ryan Yates,ENG,MF,27-352,1997,6,1,213,2.4,0,1,1,0,0,0,1,0,0.0,0.0,0.1,0.2,1,11,1,0.0,0.42,0.42,0.0,0.42,0.01,0.06,0.07,0.01,0.07
ENG-Premier League,2526,Nott'ham Forest,Taiwo Awoniyi,NGA,FW,28-088,1997,3,1,103,1.1,0,0,0,0,0,0,0,0,0.2,0.2,0.1,0.3,1,1,4,0.0,0.0,0.0,0.0,0.0,0.16,0.13,0.29,0.16,0.29
ENG-Premier League,2526,Sunderland,Arthur Masuaku,COD,"DF,MF",32-001,1993,3,2,126,1.4,0,0,0,0,0,0,1,0,0.1,0.1,0.1,0.1,2,5,5,0.0,0.0,0.0,0.0,0.0,0.05,0.05,0.1,0.05,0.1
ENG-Premier League,2526,Sunderland,Bertrand Traoré,BFA,"FW,MF",30-063,1995,5,4,296,3.3,0,0,0,0,0,0,1,0,0.5,0.5,0.8,1.2,3,6,29,0.0,0.0,0.0,0.0,0.0,0.14,0.23,0.37,0.14,0.37
ENG-Premier League,2526,Sunderland,Brian Brobbey,NED,FW,23-280,2002,5,0,84,0.9,0,1,1,0,0,0,0,0,0.0,0.0,0.1,0.1,2,2,3,0.0,1.07,1.07,0.0,1.07,0.0,0.12,0.12,0.0,0.12
ENG-Premier League,2526,Sunderland,Chemsdine Talbi,MAR,"FW,MF",20-183,2005,10,6,564,6.3,1,1,2,1,0,0,0,0,1.0,1.0,0.3,1.3,11,4,36,0.16,0.16,0.32,0.16,0.32,0.16,0.04,0.2,0.16,0.2
ENG-Premier League,2526,Sunderland,Chris Rigg,ENG,MF,18-143,2007,6,3,187,2.1,0,0,0,0,0,0,0,0,0.1,0.1,0.1,0.2,1,3,6,0.0,0.0,0.0,0.0,0.0,0.05,0.04,0.09,0.05,0.09
ENG-Premier League,2526,Sunderland,Dan Neil,ENG,MF,23-330,2001,2,0,2,0.0,0,0,0,0,0,0,0,0,0.0,0.0,0.0,0.0,0,0,0,0.0,0.0,0.0,0.0,0.0,0.0,0.0,0.0,0.0,0.0
ENG-Premier League,2526,Sunderland,Daniel Ballard,NIR,DF,26-047,1999,8,5,492,5.5,1,0,1,1,0,0,0,0,0.9,0.9,0.7,1.6,2,13,2,0.18,0.0,0.18,0.18,0.18,0.16,0.13,0.28,0.16,0.28
ENG-Premier League,2526,Sunderland,Eliezer Mayenda,ESP,FW,20-184,2005,6,3,260,2.9,1,0,1,1,0,0,0,0,0.5,0.5,0.5,0.9,3,3,8,0.35,0.0,0.35,0.35,0.35,0.16,0.16,0.33,0.16,0.33
ENG-Premier League,2526,Sunderland,Enzo Le Fée,FRA,"FW,MF",25-278,2000,9,7,630,7.0,1,1,2,0,1,1,1,0,0.9,0.1,0.6,0.7,11,20,37,0.14,0.14,0.29,0.0,0.14,0.13,0.09,0.22,0.02,0.11
ENG-Premier League,2526,Sunderland,Granit Xhaka,SUI,MF,33-042,1992,10,10,900,10.0,1,3,4,1,0,0,3,0,0.4,0.4,1.5,1.9,6,61,10,0.1,0.3,0.4,0.1,0.4,0.04,0.15,0.19,0.04,0.19
ENG-Premier League,2526,Sunderland,Habib Diarra,SEN,MF,21-309,2004,4,4,345,3.8,0,0,0,0,0,0,1,0,0.6,0.6,0.0,0.6,10,13,17,0.0,0.0,0.0,0.0,0.0,0.15,0.01,0.16,0.15,0.16
ENG-Premier League,2526,Sunderland,Jenson Seelt,NED,DF,22-169,2003,2,1,134,1.5,0,0,0,0,0,0,0,0,0.0,0.0,0.0,0.0,2,14,0,0.0,0.0,0.0,0.0,0.0,0.0,0.0,0.0,0.0,0.0
ENG-Premier League,2526,Sunderland,Lutsharel Geertruida,NED,DF,25-113,2000,7,2,257,2.9,0,0,0,0,0,0,0,0,0.7,0.7,0.0,0.7,4,6,0,0.0,0.0,0.0,0.0,0.0,0.24,0.0,0.24,0.24,0.24
ENG-Premier League,2526,Sunderland,Marc Guiu,ESP,FW,19-308,2006,2,0,15,0.2,0,0,0,0,0,0,0,0,0.0,0.0,0.0,0.0,0,1,1,0.0,0.0,0.0,0.0,0.0,0.14,0.0,0.14,0.14,0.14
ENG-Premier League,2526,Sunderland,Noah Sadiki,COD,MF,20-326,2004,10,10,891,9.9,0,0,0,0,0,0,4,0,0.1,0.1,0.3,0.4,16,30,30,0.0,0.0,0.0,0.0,0.0,0.01,0.03,0.04,0.01,0.04
ENG-Premier League,2526,Sunderland,Nordi Mukiele,FRA,DF,28-007,1997,8,8,720,8.0,1,0,1,1,0,0,1,0,0.6,0.6,0.4,1.0,6,24,16,0.12,0.0,0.12,0.12,0.12,0.08,0.05,0.12,0.08,0.12
ENG-Premier League,2526,Sunderland,Omar Alderete,PAR,DF,28-317,1996,8,7,668,7.4,1,1,2,1,0,0,1,0,0.6,0.6,0.1,0.7,10,31,2,0.13,0.13,0.27,0.13,0.27,0.08,0.01,0.09,0.08,0.09
ENG-Premier League,2526,Sunderland,Patrick Roberts,ENG,"MF,FW",28-276,1997,1,0,28,0.3,0,0,0,0,0,0,0,0,0.0,0.0,0.0,0.0,1,1,4,0.0,0.0,0.0,0.0,0.0,0.11,0.0,0.11,0.11,0.11
ENG-Premier League,2526,Sunderland,Reinildo Mandava,MOZ,"DF,MF",31-291,1994,7,7,572,6.4,0,0,0,0,0,0,1,1,0.1,0.1,0.0,0.1,15,32,13,0.0,0.0,0.0,0.0,0.0,0.01,0.0,0.01,0.01,0.01
ENG-Premier League,2526,Sunderland,Robin Roefs,NED,GK,22-295,2003,10,10,900,10.0,0,0,0,0,0,0,1,0,0.0,0.0,0.2,0.2,0,0,0,0.0,0.0,0.0,0.0,0.0,0.0,0.02,0.02,0.0,0.02
ENG-Premier League,2526,Sunderland,Simon Adingra,CIV,FW,23-311,2002,6,4,273,3.0,0,0,0,0,0,0,1,0,0.1,0.1,0.6,0.7,6,2,33,0.0,0.0,0.0,0.0,0.0,0.05,0.2,0.24,0.05,0.24
ENG-Premier League,2526,Sunderland,Trai Hume,NIR,"DF,MF",23-235,2002,10,10,888,9.9,0,1,1,0,0,0,1,0,0.4,0.4,0.5,0.9,11,35,26,0.0,0.1,0.1,0.0,0.1,0.04,0.05,0.09,0.04,0.09
ENG-Premier League,2526,Sunderland,Wilson Isidor,FRA,FW,25-073,2000,10,7,610,6.8,4,0,4,4,0,0,0,0,2.4,2.4,0.0,2.4,5,4,28,0.59,0.0,0.59,0.59,0.59,0.35,0.0,0.35,0.35,0.35
ENG-Premier League,2526,Tottenham,Archie Gray,ENG,MF,19-241,2006,2,1,72,0.8,0,0,0,0,0,0,0,0,0.0,0.0,0.0,0.0,2,7,0,0.0,0.0,0.0,0.0,0.0,0.0,0.03,0.03,0.0,0.03
ENG-Premier League,2526,Tottenham,Brennan Johnson,WAL,FW,24-169,2001,10,4,381,4.2,2,0,2,2,0,0,1,0,1.0,1.0,0.2,1.1,10,6,25,0.47,0.0,0.47,0.47,0.47,0.23,0.04,0.27,0.23,0.27
ENG-Premier League,2526,Tottenham,Cristian Romero,ARG,DF,27-195,1998,8,7,661,7.3,0,1,1,0,0,0,3,0,0.1,0.1,0.2,0.2,2,33,0,0.0,0.14,0.14,0.0,0.14,0.01,0.02,0.03,0.01,0.03
ENG-Premier League,2526,Tottenham,Destiny Udogie,ITA,DF,22-345,2002,6,3,321,3.6,0,0,0,0,0,0,0,0,0.0,0.0,0.2,0.3,15,21,29,0.0,0.0,0.0,0.0,0.0,0.01,0.07,0.07,0.01,0.07
ENG-Premier League,2526,Tottenham,Djed Spence,ENG,DF,25-091,2000,9,8,668,7.4,0,0,0,0,0,0,2,0,0.2,0.2,0.1,0.2,24,31,35,0.0,0.0,0.0,0.0,0.0,0.02,0.01,0.03,0.02,0.03
ENG-Premier League,2526,Tottenham,Dominic Solanke,ENG,FW,28-055,1997,2,0,33,0.4,0,0,0,0,0,0,0,0,0.2,0.2,0.0,0.2,0,0,2,0.0,0.0,0.0,0.0,0.0,0.57,0.0,0.57,0.57,0.57
ENG-Premier League,2526,Tottenham,Guglielmo Vicario,ITA,GK,29-032,1996,10,10,900,10.0,0,0,0,0,0,0,0,0,0.0,0.0,0.0,0.0,0,0,0,0.0,0.0,0.0,0.0,0.0,0.0,0.0,0.0,0.0,0.0
ENG-Premier League,2526,Tottenham,João Palhinha,POR,MF,30-122,1995,10,9,783,8.7,2,1,3,2,0,0,2,0,0.6,0.6,0.1,0.7,3,25,8,0.23,0.11,0.34,0.23,0.34,0.07,0.01,0.08,0.07,0.08
ENG-Premier League,2526,Tottenham,Kevin Danso,AUT,DF,27-050,1998,6,3,257,2.9,0,0,0,0,0,0,2,0,0.0,0.0,0.0,0.0,1,11,0,0.0,0.0,0.0,0.0,0.0,0.0,0.0,0.0,0.0,0.0
ENG-Premier League,2526,Tottenham,Lucas Bergvall,SWE,"MF,FW",19-279,2006,9,5,413,4.6,1,1,2,1,0,0,1,0,0.6,0.6,0.3,0.8,9,20,24,0.22,0.22,0.44,0.22,0.44,0.12,0.06,0.18,0.12,0.18
ENG-Premier League,2526,Tottenham,Mathys Tel,FRA,FW,20-195,2005,7,3,239,2.7,1,0,1,1,0,0,0,0,0.2,0.2,0.0,0.2,4,3,14,0.38,0.0,0.38,0.38,0.38,0.08,0.0,0.08,0.08,0.08
ENG-Premier League,2526,Tottenham,Micky van de Ven,NED,DF,24-203,2001,10,10,889,9.9,3,0,3,3,0,0,2,0,1.6,1.6,0.1,1.7,5,29,2,0.3,0.0,0.3,0.3,0.3,0.16,0.01,0.17,0.16,0.17
ENG-Premier League,2526,Tottenham,Mohammed Kudus,GHA,"FW,MF",25-098,2000,10,10,875,9.7,1,4,5,1,0,0,3,0,1.5,1.5,2.0,3.5,32,22,79,0.1,0.41,0.51,0.1,0.51,0.15,0.2,0.36,0.15,0.36
ENG-Premier League,2526,Tottenham,Pape Matar Sarr,SEN,MF,23-055,2002,9,5,483,5.4,2,2,4,2,0,0,0,0,0.7,0.7,0.6,1.3,5,15,21,0.37,0.37,0.75,0.37,0.75,0.14,0.11,0.25,0.14,0.25
ENG-Premier League,2526,Tottenham,Pedro Porro,ESP,DF,26-056,1999,10,9,799,8.9,0,1,1,0,0,0,1,0,0.1,0.1,1.2,1.3,19,47,22,0.0,0.11,0.11,0.0,0.11,0.01,0.14,0.15,0.01,0.15
ENG-Premier League,2526,Tottenham,Randal Kolo Muani,FRA,FW,26-338,1998,3,2,145,1.6,0,0,0,0,0,0,0,0,0.1,0.1,0.1,0.2,1,0,7,0.0,0.0,0.0,0.0,0.0,0.08,0.04,0.12,0.08,0.12
ENG-Premier League,2526,Tottenham,Richarlison,BRA,FW,28-182,1997,10,5,545,6.1,3,2,5,3,0,0,1,0,1.9,1.9,1.3,3.2,8,9,19,0.5,0.33,0.83,0.5,0.83,0.32,0.22,0.53,0.32,0.53
ENG-Premier League,2526,Tottenham,Rodrigo Bentancur,URU,MF,28-136,1997,9,8,645,7.2,1,1,2,1,0,0,1,0,0.3,0.3,0.5,0.9,3,27,13,0.14,0.14,0.28,0.14,0.28,0.05,0.07,0.12,0.05,0.12
ENG-Premier League,2526,Tottenham,Wilson Odobert,FRA,FW,20-345,2004,9,3,337,3.7,0,0,0,0,0,0,0,0,0.7,0.7,0.3,1.1,14,17,28,0.0,0.0,0.0,0.0,0.0,0.2,0.09,0.29,0.2,0.29
ENG-Premier League,2526,Tottenham,Xavi Simons,NED,"FW,MF",22-201,2003,7,5,454,5.0,0,1,1,0,0,0,2,0,0.3,0.3,0.6,0.9,19,32,24,0.0,0.2,0.2,0.0,0.2,0.06,0.12,0.18,0.06,0.18
ENG-Premier League,2526,West Ham,Aaron Wan-Bissaka,COD,DF,27-347,1997,6,5,471,5.2,0,0,0,0,0,0,0,0,0.0,0.0,0.2,0.2,9,16,30,0.0,0.0,0.0,0.0,0.0,0.0,0.04,0.04,0.0,0.04
ENG-Premier League,2526,West Ham,Alphonse Areola,FRA,GK,32-254,1993,6,6,540,6.0,0,0,0,0,0,0,0,0,0.0,0.0,0.0,0.0,0,0,0,0.0,0.0,0.0,0.0,0.0,0.0,0.0,0.0,0.0,0.0
ENG-Premier League,2526,West Ham,Andy Irving,SCO,MF,25-179,2000,6,2,150,1.7,0,0,0,0,0,0,0,0,0.0,0.0,0.1,0.1,2,12,2,0.0,0.0,0.0,0.0,0.0,0.0,0.07,0.07,0.0,0.07
ENG-Premier League,2526,West Ham,Callum Marshall,NIR,FW,20-345,2004,2,0,60,0.7,0,0,0,0,0,0,0,0,0.1,0.1,0.0,0.1,0,1,0,0.0,0.0,0.0,0.0,0.0,0.19,0.0,0.19,0.19,0.19
ENG-Premier League,2526,West Ham,Callum Wilson,ENG,FW,33-254,1992,7,2,299,3.3,1,0,1,1,0,0,0,0,1.2,1.2,0.0,1.3,3,2,16,0.3,0.0,0.3,0.3,0.3,0.37,0.01,0.38,0.37,0.38
ENG-Premier League,2526,West Ham,Crysencio Summerville,NED,"FW,MF",24-009,2001,8,7,558,6.2,0,1,1,0,0,0,3,0,0.8,0.8,0.3,1.1,14,17,34,0.0,0.16,0.16,0.0,0.16,0.13,0.05,0.18,0.13,0.18
ENG-Premier League,2526,West Ham,El Hadji Malick Diouf,SEN,DF,20-315,2004,10,9,855,9.5,0,3,3,0,0,0,1,0,0.2,0.2,0.7,1.0,13,28,42,0.0,0.32,0.32,0.0,0.32,0.02,0.08,0.1,0.02,0.1
ENG-Premier League,2526,West Ham,Freddie Potts,ENG,MF,22-057,2003,5,1,224,2.5,0,0,0,0,0,0,0,0,0.0,0.0,0.1,0.1,0,7,2,0.0,0.0,0.0,0.0,0.0,0.0,0.02,0.02,0.0,0.02
ENG-Premier League,2526,West Ham,Guido Rodríguez,ARG,MF,31-210,1994,2,1,90,1.0,0,0,0,0,0,0,0,0,0.0,0.0,0.0,0.0,0,5,3,0.0,0.0,0.0,0.0,0.0,0.03,0.0,0.03,0.03,0.03
ENG-Premier League,2526,West Ham,Igor,BRA,DF,27-274,1998,2,0,7,0.1,0,0,0,0,0,0,0,0,0.0,0.0,0.0,0.0,0,0,0,0.0,0.0,0.0,0.0,0.0,0.0,0.0,0.0,0.0,0.0
ENG-Premier League,2526,West Ham,James Ward-Prowse,ENG,MF,31-007,1994,5,5,413,4.6,0,0,0,0,0,0,0,0,0.1,0.1,0.9,1.0,1,20,8,0.0,0.0,0.0,0.0,0.0,0.03,0.2,0.23,0.03,0.23
ENG-Premier League,2526,West Ham,Jarrod Bowen,ENG,"FW,MF",28-323,1996,10,10,900,10.0,3,1,4,3,0,0,0,0,1.3,1.3,1.8,3.1,32,20,76,0.3,0.1,0.4,0.3,0.4,0.13,0.18,0.31,0.13,0.31
ENG-Premier League,2526,West Ham,Jean-Clair Todibo,FRA,DF,25-313,1999,5,5,396,4.4,0,0,0,0,0,0,1,0,0.0,0.0,0.0,0.0,5,18,1,0.0,0.0,0.0,0.0,0.0,0.0,0.0,0.0,0.0,0.0
ENG-Premier League,2526,West Ham,Konstantinos Mavropanos,GRE,DF,27-332,1997,6,5,495,5.5,0,0,0,0,0,0,1,0,0.4,0.4,0.0,0.4,2,17,0,0.0,0.0,0.0,0.0,0.0,0.07,0.0,0.07,0.07,0.07
ENG-Premier League,2526,West Ham,Kyle Walker-Peters,ENG,DF,28-209,1997,9,5,462,5.1,0,0,0,0,0,0,1,0,0.1,0.1,0.1,0.2,13,16,20,0.0,0.0,0.0,0.0,0.0,0.03,0.02,0.04,0.03,0.04
ENG-Premier League,2526,West Ham,Lucas Paquetá,BRA,"MF,FW",28-073,1997,10,10,876,9.7,3,0,3,2,1,1,4,0,1.7,1.0,1.1,2.0,6,68,38,0.31,0.0,0.31,0.21,0.21,0.18,0.11,0.29,0.1,0.21
ENG-Premier League,2526,West Ham,Luis Guilherme,BRA,"FW,MF",19-272,2006,3,0,57,0.6,0,0,0,0,0,0,0,0,0.1,0.1,0.0,0.1,0,0,3,0.0,0.0,0.0,0.0,0.0,0.11,0.0,0.11,0.11,0.11
ENG-Premier League,2526,West Ham,Mads Hermansen,DEN,GK,25-120,2000,4,4,360,4.0,0,0,0,0,0,0,0,0,0.0,0.0,0.0,0.0,0,0,0,0.0,0.0,0.0,0.0,0.0,0.0,0.0,0.0,0.0,0.0
ENG-Premier League,2526,West Ham,Mateus Fernandes,POR,"MF,FW",21-121,2004,8,7,553,6.1,1,1,2,1,0,0,0,0,0.5,0.5,0.6,1.1,9,20,10,0.16,0.16,0.33,0.16,0.33,0.08,0.11,0.19,0.08,0.19
ENG-Premier League,2526,West Ham,Max Kilman,ENG,DF,28-169,1997,10,10,900,10.0,0,0,0,0,0,0,3,0,0.5,0.5,0.2,0.7,3,23,1,0.0,0.0,0.0,0.0,0.0,0.05,0.02,0.07,0.05,0.07
ENG-Premier League,2526,West Ham,Nayef Aguerd,MAR,DF,29-223,1996,2,2,180,2.0,0,0,0,0,0,0,0,0,0.1,0.1,0.0,0.1,2,9,0,0.0,0.0,0.0,0.0,0.0,0.05,0.0,0.05,0.05,0.05
ENG-Premier League,2526,West Ham,Niclas Füllkrug,GER,FW,32-272,1993,6,5,379,4.2,0,0,0,0,0,0,0,0,0.8,0.8,0.6,1.3,1,5,15,0.0,0.0,0.0,0.0,0.0,0.19,0.13,0.32,0.19,0.32
ENG-Premier League,2526,West Ham,Oliver Scarles,ENG,"DF,MF",19-331,2005,2,2,69,0.8,0,0,0,0,0,0,0,0,0.0,0.0,0.0,0.0,0,2,2,0.0,0.0,0.0,0.0,0.0,0.0,0.0,0.0,0.0,0.0
ENG-Premier League,2526,West Ham,Soungoutou Magassa,FRA,MF,22-031,2003,5,2,173,1.9,0,0,0,0,0,0,1,0,0.0,0.0,0.0,0.0,1,2,3,0.0,0.0,0.0,0.0,0.0,0.0,0.0,0.0,0.0,0.0
ENG-Premier League,2526,West Ham,Tomáš Souček,CZE,MF,30-254,1995,7,5,396,4.4,1,0,1,1,0,0,0,1,1.5,1.5,0.0,1.5,1,10,8,0.23,0.0,0.23,0.23,0.23,0.34,0.01,0.34,0.34,0.34
ENG-Premier League,2526,Wolves,André,BRA,MF,24-115,2001,10,7,615,6.8,0,0,0,0,0,0,2,0,0.0,0.0,0.1,0.1,7,25,3,0.0,0.0,0.0,0.0,0.0,0.0,0.01,0.02,0.0,0.02
ENG-Premier League,2526,Wolves,David Møller Wolfe,NOR,"MF,DF",23-199,2002,5,2,151,1.7,0,1,1,0,0,0,0,0,0.0,0.0,0.3,0.3,3,3,8,0.0,0.6,0.6,0.0,0.6,0.0,0.16,0.16,0.0,0.16
ENG-Premier League,2526,Wolves,Emmanuel Agbadou,CIV,DF,28-144,1997,8,6,561,6.2,0,0,0,0,0,0,0,1,0.4,0.4,0.1,0.5,3,26,5,0.0,0.0,0.0,0.0,0.0,0.06,0.02,0.08,0.06,0.08
ENG-Premier League,2526,Wolves,Fer López,ESP,"MF,FW",21-168,2004,5,1,120,1.3,0,1,1,0,0,0,1,0,0.1,0.1,0.7,0.9,5,14,10,0.0,0.75,0.75,0.0,0.75,0.1,0.56,0.66,0.1,0.66
ENG-Premier League,2526,Wolves,Hugo Bueno,ESP,"DF,MF",23-051,2002,10,7,704,7.8,0,0,0,0,0,0,1,0,0.2,0.2,1.0,1.2,27,20,48,0.0,0.0,0.0,0.0,0.0,0.03,0.13,0.15,0.03,0.15
ENG-Premier League,2526,Wolves,Hwang Hee-chan,KOR,FW,29-286,1996,7,4,300,3.3,1,0,1,1,0,0,0,0,0.6,0.6,0.0,0.7,6,8,17,0.3,0.0,0.3,0.3,0.3,0.19,0.01,0.21,0.19,0.21
ENG-Premier League,2526,Wolves,Jackson Tchatchoua,CMR,"DF,MF",24-055,2001,9,3,432,4.8,0,0,0,0,0,0,0,0,0.3,0.3,0.2,0.4,10,6,34,0.0,0.0,0.0,0.0,0.0,0.05,0.03,0.09,0.05,0.09
ENG-Premier League,2526,Wolves,Jean-Ricner Bellegarde,HAI,"MF,FW",27-134,1998,9,5,408,4.5,0,0,0,0,0,0,1,0,0.3,0.3,0.3,0.6,18,26,14,0.0,0.0,0.0,0.0,0.0,0.07,0.07,0.14,0.07,0.14
ENG-Premier League,2526,Wolves,Jhon Arias,COL,FW,28-048,1997,10,7,547,6.1,0,0,0,0,0,0,0,0,1.0,1.0,0.5,1.5,9,19,30,0.0,0.0,0.0,0.0,0.0,0.17,0.07,0.25,0.17,0.25
ENG-Premier League,2526,Wolves,José Sá,POR,GK,32-295,1993,4,4,360,4.0,0,0,0,0,0,0,0,0,0.0,0.0,0.1,0.1,0,0,0,0.0,0.0,0.0,0.0,0.0,0.0,0.02,0.02,0.0,0.02
ENG-Premier League,2526,Wolves,João Gomes,BRA,MF,24-269,2001,10,8,745,8.3,0,0,0,0,0,0,3,0,0.4,0.4,0.2,0.6,9,51,13,0.0,0.0,0.0,0.0,0.0,0.04,0.03,0.07,0.04,0.07
ENG-Premier League,2526,Wolves,Jørgen Strand Larsen,NOR,FW,25-275,2000,8,7,617,6.9,1,0,1,0,1,1,0,0,1.5,0.7,0.4,1.1,2,5,25,0.15,0.0,0.15,0.0,0.0,0.22,0.06,0.28,0.11,0.17
ENG-Premier League,2526,Wolves,Ki-Jana Hoever,NED,"DF,MF",23-294,2002,5,4,250,2.8,0,0,0,0,0,0,0,0,0.0,0.0,0.2,0.3,6,9,15,0.0,0.0,0.0,0.0,0.0,0.01,0.09,0.1,0.01,0.1
ENG-Premier League,2526,Wolves,Ladislav Krejčí,CZE,"DF,MF",26-202,1999,7,7,630,7.0,1,1,2,1,0,0,1,0,0.9,0.9,0.7,1.6,7,39,6,0.14,0.14,0.29,0.14,0.29,0.13,0.1,0.23,0.13,0.23
ENG-Premier League,2526,Wolves,Marshall Munetsi,ZIM,"MF,FW",29-139,1996,10,8,783,8.7,1,1,2,1,0,0,1,0,1.3,1.3,0.5,1.8,8,14,29,0.11,0.11,0.23,0.11,0.23,0.15,0.06,0.21,0.15,0.21
ENG-Premier League,2526,Wolves,Matt Doherty,IRL,DF,33-296,1992,4,4,291,3.2,0,0,0,0,0,0,3,0,0.1,0.1,0.1,0.1,1,9,3,0.0,0.0,0.0,0.0,0.0,0.02,0.02,0.04,0.02,0.04
ENG-Premier League,2526,Wolves,Rodrigo Gomes,POR,"FW,DF",22-124,2003,6,4,331,3.7,1,0,1,1,0,0,0,0,1.0,1.0,0.1,1.1,13,7,37,0.27,0.0,0.27,0.27,0.27,0.26,0.04,0.3,0.26,0.3
ENG-Premier League,2526,Wolves,Sam Johnstone,ENG,GK,32-228,1993,6,6,540,6.0,0,0,0,0,0,0,0,0,0.0,0.0,0.0,0.0,0,1,0,0.0,0.0,0.0,0.0,0.0,0.0,0.0,0.0,0.0,0.0
ENG-Premier League,2526,Wolves,Santiago Bueno,URU,DF,26-364,1998,7,6,575,6.4,1,0,1,1,0,0,2,0,0.8,0.8,0.1,0.9,4,21,1,0.16,0.0,0.16,0.16,0.16,0.13,0.01,0.13,0.13,0.13
ENG-Premier League,2526,Wolves,Sasa Kalajdzic,AUT,FW,28-124,1997,1,0,15,0.2,0,0,0,0,0,0,0,0,0.0,0.0,0.0,0.0,0,0,2,0.0,0.0,0.0,0.0,0.0,0.0,0.0,0.0,0.0,0.0
ENG-Premier League,2526,Wolves,Tolu Arokodare,NGA,FW,24-350,2000,7,2,211,2.3,0,0,0,0,0,0,0,0,0.4,0.4,0.1,0.6,3,0,10,0.0,0.0,0.0,0.0,0.0,0.18,0.06,0.24,0.18,0.24
ENG-Premier League,2526,Wolves,Toti Gomes,POR,DF,26-296,1999,7,6,435,4.8,0,0,0,0,0,0,2,1,0.0,0.0,0.1,0.2,5,11,1,0.0,0.0,0.0,0.0,0.0,0.01,0.02,0.03,0.01,0.03
ENG-Premier League,2526,Wolves,Yerson Mosquera,COL,DF,24-190,2001,4,2,182,2.0,0,0,0,0,0,0,1,0,0.1,0.1,0.0,0.1,1,1,1,0.0,0.0,0.0,0.0,0.0,0.03,0.0,0.03,0.03,0.03
