player_id,player,pos,nation,born
1,Ainsley Maitland-Niles,"MF,DF",ENG,1997
2,Alexandre Lacazette,FW,FRA,1991
3,Bernd Leno,GK,GER,1992
4,Bukayo Saka,"FW,MF",ENG,2001
5,Calum Chambers,DF,ENG,1995
6,Cédric Soares,DF,POR,1991
7,Dani Ceballos,MF,ESP,1996
8,David Luiz,DF,BRA,1987
9,Eddie Nketiah,FW,ENG,1999
10,Emile Smith Rowe,"MF,FW",ENG,2000
11,Gabriel Magalhães,DF,BRA,1997
12,Gabriel Martinelli,FW,BRA,2001
13,Granit Xhaka,"MF,DF",SUI,1992
14,Héctor Bellerín,"DF,MF",ESP,1995
15,Joe Willock,MF,ENG,1999
16,Kieran Tierney,DF,SCO,1997
17,Martin Ødegaard,MF,NOR,1998
18,Mathew Ryan,GK,AUS,1992
19,Mohamed Elneny,MF,EGY,1992
20,Nicolas Pépé,FW,CIV,1995
21,Pablo Marí,DF,ESP,1993
22,Pierre-Emerick Aubameyang,FW,GAB,1989
23,Reiss Nelson,"FW,MF",ENG,1999
24,Rob Holding,DF,ENG,1995
25,Rúnar Alex Rúnarsson,GK,ISL,1995
26,Sead Kolašinac,DF,BIH,1993
27,Shkodran Mustafi,DF,GER,1992
28,Thomas Partey,MF,GHA,1993
29,Willian,FW,BRA,1988
30,Ahmed Elmohamady,DF,EGY,1987
31,Anwar El Ghazi,FW,NED,1995
32,Bertrand Traoré,FW,BFA,1995
33,Carney Chukwuemeka,"MF,FW",ENG,2003
34,Conor Hourihane,MF,IRL,1991
35,Douglas Luiz,MF,BRA,1998
36,Emiliano Martínez,GK,ARG,1992
37,Ezri Konsa,DF,ENG,1997
38,Jack Grealish,"FW,MF",ENG,1995
39,Jacob Ramsey,MF,ENG,2001
40,Jaden Philogene Bidace,FW,ENG,2002
41,John McGinn,MF,SCO,1994
42,Keinan Davis,"FW,MF",ENG,1998
43,Kortney Hause,DF,ENG,1995
44,Marvelous Nakamba,MF,ZIM,1994
45,Matt Targett,DF,ENG,1995
46,Matty Cash,DF,POL,1997
47,Morgan Sanson,MF,FRA,1994
48,Neil Taylor,DF,WAL,1989
49,Ollie Watkins,FW,ENG,1995
50,Ross Barkley,MF,ENG,1993
51,Trézéguet,FW,EGY,1994
52,Tyrone Mings,DF,ENG,1993
53,Wesley Moraes,FW,BRA,1996
54,Aaron Connolly,FW,IRL,2000
55,Adam Lallana,"MF,FW",ENG,1988
56,Adam Webster,DF,ENG,1995
57,Alexis Mac Allister,"MF,FW",ARG,1998
58,Alireza Jahanbakhsh,"FW,MF",IRN,1993
59,Andi Zeqiri,"FW,DF",SUI,1999
60,Ben White,"DF,MF",ENG,1997
61,Bernardo,"DF,MF",BRA,1995
62,Dan Burn,DF,ENG,1992
63,Danny Welbeck,FW,ENG,1990
64,Davy Pröpper,MF,NED,1991
65,Jakub Moder,"DF,MF",POL,1999
66,Jayson Molumby,MF,IRL,1999
67,José Izquierdo,DF,COL,1992
68,Joël Veltman,DF,NED,1992
69,Leandro Trossard,"MF,FW",BEL,1994
70,Lewis Dunk,DF,ENG,1991
71,Neal Maupay,"FW,MF",FRA,1996
72,Pascal Groß,"MF,DF",GER,1991
73,Percy Tau,FW,RSA,1994
74,Reda Khadra,MF,GER,2001
75,Robert Sánchez,GK,ESP,1997
76,Solly March,"DF,MF",ENG,1994
77,Steven Alzate,MF,COL,1998
78,Tariq Lamptey,"DF,MF",GHA,2000
79,Yves Bissouma,MF,MLI,1996
80,Ashley Barnes,FW,ENG,1989
81,Ashley Westwood,MF,ENG,1990
82,Bailey Peacock-Farrell,GK,NIR,1996
83,Ben Mee,DF,ENG,1989
84,Charlie Taylor,DF,ENG,1993
85,Chris Wood,FW,NZL,1991
86,Dale Stephens,MF,ENG,1989
87,Dwight McNeil,MF,ENG,1999
88,Erik Pieters,"DF,MF",NED,1988
89,Jack Cork,MF,ENG,1989
90,James Tarkowski,DF,ENG,1992
91,Jay Rodriguez,FW,ENG,1989
92,Jimmy Dunne,DF,IRL,1997
93,Joel Mumbongo,FW,SWE,1999
94,Josh Benson,MF,ENG,1999
95,Josh Brownhill,MF,ENG,1995
96,Jóhann Berg Guðmundsson,MF,ISL,1990
97,Kevin Long,DF,IRL,1990
98,Lewis Richardson,"FW,MF",ENG,2003
99,Matthew Lowton,DF,ENG,1989
100,Matěj Vydra,FW,CZE,1992
101,Nick Pope,GK,ENG,1992
102,Phil Bardsley,DF,SCO,1985
103,Robbie Brady,MF,IRL,1992
104,Will Norris,GK,ENG,1993
105,Andreas Christensen,DF,DEN,1996
106,Antonio Rüdiger,DF,GER,1993
107,Ben Chilwell,DF,ENG,1996
108,Billy Gilmour,MF,SCO,2001
109,Callum Hudson-Odoi,"FW,DF",ENG,2000
110,Christian Pulisic,"FW,MF",USA,1998
111,César Azpilicueta,DF,ESP,1989
112,Edouard Mendy,GK,SEN,1992
113,Emerson Palmieri,DF,ITA,1994
114,Fikayo Tomori,DF,ENG,1997
115,Hakim Ziyech,"MF,FW",MAR,1993
116,Jorginho,MF,ITA,1991
117,Kai Havertz,"MF,FW",GER,1999
118,Kepa Arrizabalaga,GK,ESP,1994
119,Kurt Zouma,DF,FRA,1994
120,Marcos Alonso,DF,ESP,1990
121,Mason Mount,MF,ENG,1999
122,Mateo Kovačić,MF,CRO,1994
123,N'Golo Kanté,MF,FRA,1991
124,Olivier Giroud,FW,FRA,1986
125,Reece James,DF,ENG,1999
126,Ruben Loftus-Cheek,FW,ENG,1996
127,Tammy Abraham,FW,ENG,1997
128,Thiago Silva,DF,BRA,1984
129,Timo Werner,"FW,MF",GER,1996
130,Willy Caballero,GK,ARG,1981
131,Andros Townsend,"MF,FW",ENG,1991
132,Cheikhou Kouyaté,DF,SEN,1989
133,Christian Benteke,FW,BEL,1990
134,Eberechi Eze,MF,ENG,1998
135,Gary Cahill,DF,ENG,1985
136,Jack Butland,GK,ENG,1993
137,James McArthur,MF,SCO,1987
138,James McCarthy,MF,IRL,1990
139,James Tomkins,DF,ENG,1989
140,Jaïro Riedewald,MF,NED,1996
141,Jean-Philippe Mateta,FW,FRA,1997
142,Jeffrey Schlupp,MF,GHA,1992
143,Joel Ward,DF,ENG,1989
144,Jordan Ayew,"FW,MF",GHA,1991
145,Luka Milivojević,MF,SRB,1991
146,Mamadou Sakho,DF,FRA,1990
147,Martin Kelly,DF,ENG,1990
148,Michy Batshuayi,FW,BEL,1993
149,Nathaniel Clyne,DF,ENG,1991
150,Patrick van Aanholt,DF,NED,1990
151,Scott Dann,DF,ENG,1987
152,Tyrick Mitchell,DF,ENG,1999
153,Vicente Guaita,GK,ESP,1987
154,Wilfried Zaha,FW,CIV,1992
155,Abdoulaye Doucouré,MF,MLI,1993
156,Alex Iwobi,"FW,MF",NGA,1996
157,Allan,MF,BRA,1991
158,André Gomes,MF,POR,1993
159,Anthony Gordon,"FW,MF",ENG,2001
160,Ben Godfrey,DF,ENG,1998
161,Bernard,"MF,FW",BRA,1992
162,Cenk Tosun,FW,TUR,1991
163,Dominic Calvert-Lewin,FW,ENG,1997
164,Fabian Delph,"MF,DF",ENG,1989
165,Gylfi Sigurðsson,"MF,FW",ISL,1989
166,James Rodríguez,"FW,MF",COL,1991
167,Jean-Philippe Gbamin,MF,CIV,1995
168,Jonjoe Kenny,DF,ENG,1997
169,Jordan Pickford,GK,ENG,1994
170,Joshua King,"MF,FW",NOR,1992
171,João Virgínia,GK,POR,1999
172,Lucas Digne,"DF,MF",FRA,1993
173,Mason Holgate,DF,JAM,1996
174,Michael Keane,DF,ENG,1993
175,Moise Kean,"FW,MF",ITA,2000
176,Nathan Broadhead,FW,WAL,1998
177,Niels Nkounkou,"DF,FW",FRA,2000
178,Richarlison,FW,BRA,1997
179,Robin Olsen,GK,SWE,1990
180,Séamus Coleman,"DF,MF",IRL,1988
181,Theo Walcott,FW,ENG,1989
182,Tom Davies,MF,ENG,1998
183,Yerry Mina,DF,COL,1994
184,Aboubakar Kamara,"FW,MF",MTN,1995
185,Ademola Lookman,"FW,MF",NGA,1997
186,Aleksandar Mitrović,FW,SRB,1994
187,Alphonse Areola,GK,FRA,1993
188,Andre-Frank Zambo Anguissa,MF,CMR,1995
189,Antonee Robinson,DF,USA,1997
190,Bobby De Cordova-Reid,"MF,FW",JAM,1993
191,Denis Odoi,DF,GHA,1988
192,Fabio Carvalho,"MF,FW",POR,2002
193,Harrison Reed,MF,ENG,1995
194,Ivan Cavaleiro,FW,POR,1993
195,Joachim Andersen,DF,DEN,1996
196,Joe Bryan,"DF,MF",ENG,1993
197,Josh Maja,FW,NGA,1998
198,Josh Onomah,MF,ENG,1997
199,Kenny Tete,"DF,MF",NED,1995
200,Marek Rodák,GK,SVK,1996
201,Mario Lemina,MF,GAB,1993
202,Maxime Le Marchand,DF,FRA,1989
203,Michael Hector,DF,JAM,1992
204,Neeskens Kebano,"FW,MF",COD,1992
205,Ola Aina,DF,NGA,1996
206,Terence Kongolo,DF,NED,1994
207,Tim Ream,DF,USA,1987
208,Tom Cairney,MF,SCO,1991
209,Tosin Adarabioyo,DF,ENG,1997
210,Tyrese Francois,DF,AUS,2000
211,Diego Llorente,DF,ESP,1993
212,Ezgjan Alioski,"DF,MF",MKD,1992
213,Gaetano Berardi,DF,SUI,1988
214,Hélder Costa,"MF,FW",ANG,1994
215,Ian Poveda,MF,ENG,2000
216,Illan Meslier,GK,FRA,2000
217,Jack Harrison,"MF,FW",ENG,1996
218,Jamie Shackleton,"MF,DF",ENG,1999
219,Kalvin Phillips,MF,ENG,1995
220,Kiko Casilla,GK,ESP,1986
221,Leif Davis,DF,ENG,2000
222,Liam Cooper,DF,SCO,1991
223,Luke Ayling,DF,ENG,1991
224,Mateusz Klich,MF,POL,1990
225,Niall Huggins,DF,WAL,2000
226,Pablo Hernández,MF,ESP,1985
227,Pascal Struijk,"DF,MF",NED,1999
228,Patrick Bamford,FW,ENG,1993
229,Raphinha,"MF,FW",BRA,1996
230,Robin Koch,"DF,MF",GER,1996
231,Rodrigo,"MF,FW",ESP,1991
232,Stuart Dallas,"MF,DF",NIR,1991
233,Tyler Roberts,"MF,FW",WAL,1999
234,Ayoze Pérez,"MF,FW",ESP,1993
235,Cengiz Ünder,"FW,MF",TUR,1997
236,Christian Fuchs,DF,AUT,1986
237,Daniel Amartey,DF,GHA,1994
238,Demarai Gray,FW,JAM,1996
239,Dennis Praet,MF,BEL,1994
240,Hamza Choudhury,MF,BAN,1997
241,Harvey Barnes,"FW,MF",ENG,1997
242,Islam Slimani,FW,ALG,1988
243,James Justin,DF,ENG,1998
244,James Maddison,MF,ENG,1996
245,Jamie Vardy,FW,ENG,1987
246,Jonny Evans,DF,NIR,1988
247,Kasper Schmeichel,GK,DEN,1986
248,Kelechi Iheanacho,FW,NGA,1996
249,Khanya Leshabela,MF,RSA,1999
250,Luke Thomas,DF,ENG,2001
251,Marc Albrighton,"DF,FW",ENG,1989
252,Nampalys Mendy,MF,SEN,1992
253,Ricardo Pereira,"DF,FW",POR,1993
254,Sidnei Tavares,MF,,2001
255,Timothy Castagne,DF,BEL,1995
256,Wes Morgan,DF,JAM,1984
257,Wesley Fofana,DF,FRA,2000
258,Wilfred Ndidi,"MF,DF",NGA,1996
259,Youri Tielemans,MF,BEL,1997
260,Çağlar Söyüncü,DF,TUR,1996
261,Adrián,GK,ESP,1987
262,Alex Oxlade-Chamberlain,"MF,FW",ENG,1993
263,Alisson,GK,BRA,1992
264,Andrew Robertson,DF,SCO,1994
265,Caoimhín Kelleher,GK,IRL,1998
266,Curtis Jones,MF,ENG,2001
267,Diogo Jota,FW,POR,1996
268,Divock Origi,FW,BEL,1995
269,Fabinho,"DF,MF",BRA,1993
270,Georginio Wijnaldum,MF,NED,1990
271,James Milner,"MF,DF",ENG,1986
272,Joe Gomez,DF,ENG,1997
273,Jordan Henderson,"MF,DF",ENG,1990
274,Joël Matip,DF,CMR,1991
275,Kostas Tsimikas,"DF,FW",GRE,1996
276,Mohamed Salah,FW,EGY,1992
277,Naby Keïta,MF,GUI,1995
278,Nathaniel Phillips,DF,ENG,1997
279,Neco Williams,DF,WAL,2001
280,Ozan Kabak,DF,TUR,2000
281,Rhys Williams,DF,ENG,2001
282,Roberto Firmino,FW,BRA,1991
283,Sadio Mané,FW,SEN,1992
284,Takumi Minamino,"MF,FW",JPN,1995
285,Thiago Alcántara,MF,ESP,1991
286,Trent Alexander-Arnold,DF,ENG,1998
287,Virgil van Dijk,DF,NED,1991
288,Xherdan Shaqiri,"MF,FW",SUI,1991
289,Aymeric Laporte,DF,ESP,1994
290,Benjamin Mendy,DF,FRA,1994
291,Bernardo Silva,"MF,FW",POR,1994
292,Ederson,GK,BRA,1993
293,Eric García,DF,ESP,2001
294,Fernandinho,MF,BRA,1985
295,Ferrán Torres,"FW,MF",ESP,2000
296,Gabriel Jesus,FW,BRA,1997
297,John Stones,DF,ENG,1994
298,João Cancelo,"DF,MF",POR,1994
299,Kevin De Bruyne,MF,BEL,1991
300,Kyle Walker,DF,ENG,1990
301,Liam Delap,FW,ENG,2003
302,Nathan Aké,DF,NED,1995
303,Oleksandr Zinchenko,DF,UKR,1996
304,Phil Foden,"FW,MF",ENG,2000
305,Raheem Sterling,FW,ENG,1994
306,Riyad Mahrez,FW,ALG,1991
307,Rodri,MF,ESP,1996
308,Rúben Dias,DF,POR,1997
309,Scott Carson,GK,ENG,1985
310,Sergio Agüero,FW,ARG,1988
311,Zack Steffen,GK,USA,1995
312,İlkay Gündoğan,MF,GER,1990
313,Aaron Wan-Bissaka,DF,COD,1997
314,Alex Telles,DF,BRA,1992
315,Amad Diallo,FW,CIV,2002
316,Anthony Elanga,FW,SWE,2002
317,Anthony Martial,FW,FRA,1995
318,Axel Tuanzebe,DF,COD,1997
319,Brandon Williams,DF,ENG,2000
320,Bruno Fernandes,MF,POR,1994
321,Daniel James,FW,WAL,1997
322,David de Gea,GK,ESP,1990
323,Dean Henderson,GK,ENG,1997
324,Donny van de Beek,"MF,FW",NED,1997
325,Edinson Cavani,FW,URU,1987
326,Eric Bailly,DF,CIV,1994
327,Fred,MF,BRA,1993
328,Hannibal Mejbri,MF,TUN,2003
329,Harry Maguire,DF,ENG,1993
330,Juan Mata,"FW,MF",ESP,1988
331,Luke Shaw,DF,ENG,1995
332,Marcus Rashford,FW,ENG,1997
333,Mason Greenwood,FW,ENG,2001
334,Nemanja Matić,MF,SRB,1988
335,Odion Ighalo,FW,NGA,1989
336,Paul Pogba,"MF,FW",FRA,1993
337,Scott McTominay,MF,SCO,1996
338,Shola Shoretire,FW,ENG,2004
339,Timothy Fosu-Mensah,DF,NED,1998
340,Victor Lindelöf,DF,SWE,1994
341,Will Fish,FW,ENG,2003
342,Allan Saint-Maximin,"FW,MF",FRA,1997
343,Andy Carroll,FW,ENG,1989
344,Callum Wilson,FW,ENG,1992
345,Ciaran Clark,DF,IRL,1989
346,DeAndre Yedlin,DF,USA,1993
347,Dwight Gayle,"FW,MF",ENG,1990
348,Elliot Anderson,MF,ENG,2002
349,Emil Krafth,DF,SWE,1994
350,Fabian Schär,DF,SUI,1991
351,Federico Fernández,DF,ARG,1989
352,Isaac Hayden,"MF,DF",JAM,1995
353,Jacob Murphy,"DF,MF",ENG,1995
354,Jamaal Lascelles,DF,ENG,1993
355,Jamal Lewis,DF,NIR,1998
356,Javier Manquillo,DF,ESP,1994
357,Jeff Hendrick,MF,IRL,1992
358,Joelinton,"FW,MF",BRA,1996
359,Jonjo Shelvey,MF,ENG,1992
360,Karl Darlow,GK,WAL,1990
361,Martin Dúbravka,GK,SVK,1989
362,Matt Ritchie,"DF,MF",SCO,1989
363,Matthew Longstaff,MF,ENG,2000
364,Miguel Almirón,"MF,FW",PAR,1994
365,Paul Dummett,DF,WAL,1991
366,Ryan Fraser,"FW,MF",SCO,1994
367,Sean Longstaff,MF,ENG,1997
368,Aaron Ramsdale,GK,ENG,1998
369,Antwoine Hackford,DF,ENG,2004
370,Ben Osborn,"MF,DF",ENG,1994
371,Billy Sharp,FW,ENG,1986
372,Chris Basham,"DF,MF",ENG,1988
373,Daniel Jebbison,FW,CAN,2003
374,David McGoldrick,"FW,MF",IRL,1987
375,Enda Stevens,DF,IRL,1990
376,Ethan Ampadu,"DF,MF",WAL,2000
377,Femi Seriki,MF,ENG,2002
378,George Baldock,DF,GRE,1993
379,Iliman Ndiaye,MF,SEN,2000
380,Jack O'Connell,DF,ENG,1994
381,Jack Robinson,DF,ENG,1993
382,Jayden Bogle,"DF,MF",ENG,2000
383,John Egan,DF,IRL,1992
384,John Fleck,MF,SCO,1991
385,John Lundstram,MF,ENG,1994
386,Kean Bryan,DF,ENG,1996
387,Lys Mousset,"FW,MF",FRA,1996
388,Max Lowe,DF,ENG,1997
389,Oliver Burke,FW,SCO,1997
390,Oliver McBurnie,FW,SCO,1996
391,Oliver Norwood,MF,NIR,1991
392,Phil Jagielka,DF,ENG,1982
393,Rhian Brewster,"FW,MF",ENG,2000
394,Sander Berge,MF,NOR,1998
395,Alex McCarthy,GK,ENG,1989
396,Alexandre Jankewitz,MF,SUI,2001
397,Allan Tchaptchet,DF,FRA,2001
398,Caleb Watts,MF,AUS,2002
399,Che Adams,FW,SCO,1996
400,Dan Nlundulu,"FW,MF",ENG,1999
401,Danny Ings,FW,ENG,1992
402,Fraser Forster,GK,ENG,1988
403,Ibrahima Diallo,MF,FRA,1999
404,Jack Stephens,DF,ENG,1994
405,Jake Vokins,DF,ENG,2000
406,James Ward-Prowse,MF,ENG,1994
407,Jan Bednarek,DF,POL,1996
408,Jannik Vestergaard,DF,DEN,1992
409,Kayne Ramsey,DF,ENG,2000
410,Kyle Walker-Peters,DF,ENG,1997
411,Michael Obafemi,FW,IRL,2000
412,Mohammed Salisu,DF,GHA,1999
413,Moussa Djenepo,MF,MLI,1998
414,Nathan Redmond,"MF,FW",ENG,1994
415,Nathan Tella,"FW,MF",NGA,1999
416,Oriol Romeu,MF,ESP,1991
417,Ryan Bertrand,DF,ENG,1989
418,Shane Long,FW,IRL,1987
419,Stuart Armstrong,MF,SCO,1992
420,William Smallbone,MF,IRL,2000
421,Yan Valery,"DF,MF",TUN,1999
422,Ben Davies,DF,WAL,1993
423,Carlos Vinícius,FW,BRA,1995
424,Dane Scarlett,FW,ENG,2004
425,Davinson Sánchez,DF,COL,1996
426,Dele Alli,MF,ENG,1996
427,Eric Dier,DF,ENG,1994
428,Gareth Bale,FW,WAL,1989
429,Giovani Lo Celso,MF,ARG,1996
430,Harry Kane,FW,ENG,1993
431,Harry Winks,MF,ENG,1996
432,Hugo Lloris,GK,FRA,1986
433,Japhet Tanganga,DF,ENG,1999
434,Joe Rodon,DF,WAL,1997
435,Lucas Moura,"FW,MF",BRA,1992
436,Matt Doherty,DF,IRL,1992
437,Moussa Sissoko,MF,FRA,1989
438,Pierre Højbjerg,MF,DEN,1995
439,Serge Aurier,DF,CIV,1992
440,Sergio Reguilón,DF,ESP,1996
441,Son Heung-min,FW,KOR,1992
442,Steven Bergwijn,"FW,MF",NED,1997
443,Tanguy Ndombele,MF,FRA,1996
444,Toby Alderweireld,DF,BEL,1989
445,Érik Lamela,"FW,MF",ARG,1992
446,Ahmed Hegazi,DF,EGY,1991
447,Branislav Ivanović,DF,SRB,1984
448,Callum Robinson,"FW,MF",IRL,1995
449,Charlie Austin,"FW,MF",ENG,1989
450,Conor Gallagher,MF,ENG,2000
451,Conor Townsend,DF,ENG,1993
452,Dara O'Shea,DF,IRL,1999
453,Darnell Furlong,DF,ENG,1995
454,David Button,GK,ENG,1989
455,Filip Krovinović,MF,CRO,1995
456,Grady Diangana,"MF,FW",COD,1998
457,Hal Robson-Kanu,FW,WAL,1989
458,Jake Livermore,MF,ENG,1989
459,Kamil Grosicki,"MF,FW",POL,1988
460,Karlan Grant,"FW,MF",ENG,1997
461,Kieran Gibbs,DF,ENG,1989
462,Kyle Bartley,DF,ENG,1991
463,Kyle Edwards,"MF,FW",ENG,1998
464,Lee Peltier,DF,ENG,1986
465,Matheus Pereira,"MF,FW",BRA,1996
466,Matt Phillips,MF,SCO,1991
467,Mbaye Diagne,FW,SEN,1991
468,Okay Yokuşlu,MF,TUR,1994
469,Rekeem Harper,MF,ENG,2000
470,Robert Snodgrass,"MF,FW",SCO,1987
471,Romaine Sawyers,MF,SKN,1991
472,Sam Field,MF,ENG,1998
473,Sam Johnstone,GK,ENG,1993
474,Semi Ajayi,DF,NGA,1993
475,Aaron Cresswell,DF,ENG,1989
476,Andriy Yarmolenko,"FW,MF",UKR,1989
477,Angelo Ogbonna,DF,ITA,1988
478,Arthur Masuaku,"DF,MF",COD,1993
479,Ben Johnson,"DF,FW",ENG,2000
480,Craig Dawson,DF,ENG,1990
481,Darren Randolph,GK,IRL,1987
482,Declan Rice,MF,ENG,1999
483,Fabián Balbuena,DF,PAR,1991
484,Felipe Anderson,"FW,MF",BRA,1993
485,Issa Diop,DF,FRA,1997
486,Jarrod Bowen,"FW,MF",ENG,1996
487,Jesse Lingard,"MF,FW",ENG,1992
488,Manuel Lanzini,"MF,FW",ARG,1993
489,Mark Noble,MF,ENG,1987
490,Michail Antonio,FW,JAM,1990
491,Pablo Fornals,"FW,MF",ESP,1996
492,Ryan Fredericks,"DF,FW",ENG,1992
493,Saïd Benrahma,"FW,MF",ALG,1995
494,Sébastien Haller,FW,CIV,1994
495,Tomáš Souček,MF,CZE,1995
496,Vladimír Coufal,DF,CZE,1992
497,Łukasz Fabiański,GK,POL,1985
498,Adama Traoré,"FW,MF",ESP,1996
499,Conor Coady,DF,ENG,1993
500,Daniel Podence,"MF,FW",POR,1995
501,Fernando Marçal,"DF,MF",BRA,1989
502,Fábio Silva,FW,POR,2002
503,John Ruddy,GK,ENG,1986
504,Jonny Castro,"MF,DF",ESP,1994
505,João Moutinho,MF,POR,1986
506,Ki-Jana Hoever,"DF,MF",NED,2002
507,Leander Dendoncker,"MF,DF",BEL,1995
508,Max Kilman,DF,ENG,1997
509,Morgan Gibbs-White,"MF,FW",ENG,2000
510,Nélson Semedo,"DF,MF",POR,1993
511,Oskar Buur,DF,DEN,1998
512,Owen Otasowie,"MF,FW",USA,2001
513,Patrick Cutrone,FW,ITA,1998
514,Pedro Neto,"FW,MF",POR,2000
515,Rayan Aït-Nouri,DF,ALG,2001
516,Raúl Jiménez,FW,MEX,1991
517,Romain Saïss,DF,MAR,1990
518,Rui Patrício,GK,POR,1988
519,Rúben Neves,MF,POR,1997
520,Rúben Vinagre,"MF,DF",POR,1999
521,Theo Corbeanu,FW,CAN,2002
522,Vitinha,MF,POR,2000
523,Willian José,FW,BRA,1991
524,Willy Boly,DF,CIV,1991
525,Albert Sambi Lokonga,MF,BEL,1999
526,Folarin Balogun,FW,USA,2001
527,Nuno Tavares,DF,POR,2000
528,Takehiro Tomiyasu,DF,JPN,1998
529,Ashley Young,"DF,FW",ENG,1985
530,Cameron Archer,"FW,MF",ENG,2001
531,Emi Buendía,"MF,FW",ARG,1996
532,Jed Steer,GK,ENG,1992
533,Leon Bailey,"FW,MF",JAM,1997
534,Philippe Coutinho,"MF,FW",BRA,1992
535,Tim Iroegbunam,MF,ENG,2003
536,Bryan Mbeumo,FW,CMR,1999
537,Charlie Goode,DF,ENG,1995
538,Christian Eriksen,MF,DEN,1992
539,Christian Nørgaard,MF,DEN,1994
540,David Raya,GK,ESP,1995
541,Dominic Thompson,DF,ENG,2000
542,Ethan Pinnock,DF,JAM,1993
543,Finley Stevens,DF,WAL,2003
544,Frank Onyeka,MF,NGA,1998
545,Ivan Toney,FW,ENG,1996
546,Jonas Lössl,GK,DEN,1989
547,Josh Dasilva,"MF,FW",ENG,1998
548,Kristoffer Ajer,DF,NOR,1998
549,Mads Bech Sørensen,DF,DEN,1999
550,Mads Bidstrup,MF,DEN,2001
551,Mads Roerslev,DF,DEN,1999
552,Marcus Forss,"FW,MF",FIN,1999
553,Mathias Jensen,MF,DEN,1996
554,Mathias Jørgensen,DF,DEN,1990
555,Nathan Young-Coombes,MF,ENG,2003
556,Pontus Jansson,DF,SWE,1991
557,Rico Henry,DF,ENG,1997
558,Saman Ghoddos,"MF,DF",IRN,1993
559,Sergi Canós,"DF,FW",ESP,1997
560,Shandon Baptiste,MF,GRN,1998
561,Tariqe Fosu,DF,GHA,1995
562,Vitaly Janelt,MF,GER,1998
563,Yoane Wissa,FW,COD,1996
564,Álvaro Fernández,GK,ESP,1998
565,Enock Mwepu,MF,ZAM,1998
566,Evan Ferguson,MF,IRL,2004
567,Jason Steele,GK,ENG,1990
568,Jeremy Sarmiento,"FW,MF",ECU,2002
569,Jürgen Locadia,"MF,FW",CUW,1993
570,Marc Cucurella,DF,ESP,1998
571,Moisés Caicedo,MF,ECU,2001
572,Shane Duffy,DF,IRL,1992
573,Taylor Richards,MF,ENG,2000
574,Aaron Lennon,"MF,FW",ENG,1987
575,Connor Roberts,DF,WAL,1995
576,Maxwel Cornet,"FW,MF",CIV,1996
577,Nathan Collins,DF,IRL,2001
578,Wayne Hennessey,GK,WAL,1987
579,Wout Weghorst,FW,NED,1992
580,Kenedy,DF,BRA,1996
581,Malang Sarr,DF,FRA,1999
582,Romelu Lukaku,FW,BEL,1993
583,Saúl Ñíguez,"DF,MF",ESP,1994
584,Trevoh Chalobah,DF,ENG,1999
585,Jesurun Rak Sakyi,"FW,MF",ENG,2002
586,Marc Guéhi,DF,ENG,2000
587,Michael Olise,"FW,MF",FRA,2001
588,Nathan Ferguson,DF,ENG,2000
589,Odsonne Édouard,FW,FRA,1998
590,Will Hughes,MF,ENG,1995
591,Asmir Begović,GK,BIH,1987
592,Ellis Simms,FW,ENG,2001
593,Isaac Price,MF,NIR,2003
594,Jarrad Branthwaite,DF,ENG,2002
595,Lewis Dobbin,"FW,MF",ENG,2003
596,Salomón Rondón,FW,VEN,1989
597,Tyler Onyango,MF,ENG,2003
598,Vitaliy Mykolenko,DF,UKR,1999
599,Adam Forshaw,MF,ENG,1991
600,Charlie Cresswell,DF,ENG,2002
601,Cody Drameh,"DF,MF",ENG,2001
602,Crysencio Summerville,"MF,FW",NED,2001
603,Joe Gelhardt,"FW,MF",ENG,2002
604,Junior Firpo,"DF,MF",DOM,1996
605,Kristoffer Klaesson,GK,NOR,2000
606,Leo Fuhr Hjelde,"MF,DF",NOR,2003
607,Lewis Bate,MF,ENG,2002
608,Liam McCarron,FW,SCO,2001
609,Sam Greenwood,"MF,FW",ENG,2002
610,Stuart McKinstry,MF,SCO,2002
611,Boubakary Soumaré,MF,FRA,1999
612,Danny Ward,GK,WAL,1993
613,Kasey McAteer,FW,IRL,2001
614,Kiernan Dewsbury-Hall,MF,ENG,1998
615,Lewis Brunt,MF,ENG,2000
616,Patson Daka,FW,ZAM,1998
617,Harvey Elliott,MF,ENG,2003
618,Ibrahima Konaté,DF,FRA,1999
619,Kaide Gordon,FW,ENG,2004
620,Luis Díaz,FW,COL,1997
621,Tyler Morton,MF,ENG,2002
622,CJ Egan-Riley,DF,ENG,2003
623,Cole Palmer,"FW,MF",ENG,2002
624,James Mcatee,"MF,FW",ENG,2002
625,Kayky Chagas,FW,BRA,2003
626,Alejandro Garnacho,"FW,MF",ARG,2004
627,Cristiano Ronaldo,FW,POR,1985
628,Diogo Dalot,DF,POR,1999
629,Jadon Sancho,"FW,MF",ENG,2000
630,Phil Jones,DF,ENG,1992
631,Raphaël Varane,DF,FRA,1993
632,Bruno Guimarães,MF,BRA,1997
633,Freddie Woodman,GK,ENG,1997
634,Kieran Trippier,DF,ENG,1990
635,Adam Idah,"FW,MF",IRL,2001
636,Andrew Omobamidele,DF,IRL,2002
637,Angus Gunn,GK,SCO,1996
638,Bali Mumba,DF,ENG,2001
639,Ben Gibson,DF,ENG,1993
640,Christoph Zimmermann,DF,GER,1993
641,Christos Tzolis,"FW,MF",GRE,2002
642,Dimitris Giannoulis,DF,GRE,1995
643,Grant Hanley,DF,SCO,1991
644,Jakob Sørensen,"MF,DF",DEN,1998
645,Jonathan Rowe,"FW,MF",ENG,2003
646,Josh Sargent,"FW,MF",USA,2000
647,Kenny McLean,MF,SCO,1992
648,Kieran Dowell,"FW,MF",ENG,1997
649,Lukas Rupp,MF,GER,1991
650,Mathias Normann,MF,NOR,1996
651,Max Aarons,DF,ENG,2000
652,Milot Rashica,"FW,MF",KVX,1996
653,Pierre Lees-Melou,MF,FRA,1993
654,Przemysław Płacheta,"FW,MF",POL,1998
655,Sam Byram,DF,ENG,1993
656,Teemu Pukki,FW,FIN,1990
657,Tim Krul,GK,NED,1988
658,Todd Cantwell,"FW,MF",ENG,1998
659,Tony Springett,"MF,FW",IRL,2002
660,Adam Armstrong,FW,ENG,1997
661,Armando Broja,FW,ALB,2001
662,Lyanco,DF,BRA,1997
663,Mohamed Elyounoussi,"MF,FW",NOR,1994
664,Romain Perraud,DF,FRA,1997
665,Valentino Livramento,DF,ENG,2002
666,Bryan Gil,"FW,MF",ESP,2001
667,Cristian Romero,DF,ARG,1998
668,Dejan Kulusevski,"MF,FW",SWE,2000
669,Emerson,"DF,MF",BRA,1999
670,Oliver Skipp,MF,ENG,2000
671,Rodrigo Bentancur,MF,URU,1997
672,Ryan Sessegnon,"DF,MF",ENG,2000
673,Adam Masina,DF,MAR,1994
674,Ashley Fletcher,FW,ENG,1995
675,Ben Foster,GK,ENG,1983
676,Christian Kabasele,DF,BEL,1991
677,Craig Cathcart,DF,NIR,1989
678,Cucho,"FW,MF",COL,1999
679,Dan Gosling,MF,ENG,1990
680,Daniel Bachmann,GK,AUT,1994
681,Danny Rose,DF,ENG,1990
682,Edo Kayembe,MF,COD,1998
683,Emmanuel Dennis,"FW,MF",NGA,1997
684,Francisco Sierralta,DF,CHI,1997
685,Hassane Kamara,DF,CIV,1994
686,Imran Louza,MF,MAR,1999
687,Ismaila Sarr,"FW,MF",SEN,1998
688,Jeremy Ngakia,DF,,2000
689,João Pedro,"FW,MF",BRA,2001
690,Juraj Kucka,MF,SVK,1987
691,Ken Sema,"MF,FW",SWE,1993
692,Kiko Femenía,DF,ESP,1991
693,Nicolas Nkoulou,DF,CMR,1990
694,Oghenekaro Etebo,MF,NGA,1995
695,Ozan Tufan,MF,TUR,1995
696,Samir Santos,DF,BRA,1994
697,Samuel Kalu,FW,NGA,1997
698,Tom Cleverley,MF,ENG,1989
699,Troy Deeney,FW,ENG,1988
700,William Troost-Ekong,DF,NGA,1993
701,Alex Král,MF,CZE,1998
702,Daniel Chesters,MF,ENG,2002
703,Harrison Ashby,DF,SCO,2001
704,Nikola Vlašić,"FW,MF",CRO,1997
705,Sonny Perkins,MF,ENG,2004
706,Chem Campbell,MF,WAL,2002
707,Chiquinho,"DF,FW",POR,2000
708,Francisco Trincão,"FW,MF",POR,1999
709,Hwang Hee-chan,"FW,MF",KOR,1996
710,José Sá,GK,POR,1993
711,Luke Cundle,MF,ENG,2002
712,Toti Gomes,DF,POR,1999
713,Ethan Nwaneri,FW,ENG,2007
714,Fabio Vieira,"MF,FW",POR,2000
715,Jakub Kiwior,DF,POL,2000
716,Marquinhos,MF,BRA,2003
717,William Saliba,DF,FRA,2001
718,Boubacar Kamara,MF,FRA,1999
719,Diego Carlos,DF,BRA,1993
720,Jáder Durán,"FW,MF",COL,2003
721,Ludwig Augustinsson,DF,SWE,1994
722,Álex Moreno,DF,ESP,1993
723,Adam Smith,DF,ENG,1991
724,Antoine Semenyo,"FW,MF",GHA,2000
725,Ben Pearson,MF,ENG,1995
726,Chris Mepham,DF,WAL,1997
727,Dango Ouattara,"MF,FW",BFA,2002
728,David Brooks,"FW,MF",WAL,1997
729,Dominic Solanke,"FW,MF",ENG,1997
730,Emiliano Marcondes,MF,DEN,1995
731,Hamed Junior Traorè,"FW,MF",CIV,2000
732,Illia Zabarnyi,DF,UKR,2002
733,Jack Stacey,DF,ENG,1996
734,Jaidon Anthony,"MF,FW",ENG,1999
735,Jamal Lowe,"MF,FW",JAM,1994
736,Jefferson Lerma,MF,COL,1994
737,Joe Rothwell,MF,ENG,1995
738,Jordan Zemura,DF,ZIM,1999
739,Junior Stanislas,MF,ENG,1989
740,Kieffer Moore,FW,WAL,1992
741,Lewis Cook,MF,ENG,1997
742,Lloyd Kelly,DF,ENG,1998
743,Marcos Senesi,DF,ARG,1997
744,Marcus Tavernier,"MF,FW",ENG,1999
745,Mark Travers,GK,IRL,1999
746,Matías Viña,DF,URU,1997
747,Neto,GK,BRA,1989
748,Owen Bevan,DF,WAL,2003
749,Philip Billing,"MF,FW",DEN,1996
750,Ryan Christie,"MF,FW",SCO,1995
751,Siriki Dembélé,"FW,MF",CIV,1996
752,Aaron Hickey,DF,SCO,2002
753,Halil Dervişoğlu,MF,TUR,1999
754,Keane Lewis-Potter,"FW,MF",ENG,2001
755,Kevin Schade,FW,GER,2001
756,Mikkel Damsgaard,"MF,FW",DEN,2000
757,Andrew Moran,FW,IRL,2003
758,Cameron Peupion,MF,AUS,2002
759,Deniz Undav,"FW,MF",GER,1996
760,Facundo Buonanotte,"FW,MF",ARG,2004
761,Jack Hinshelwood,FW,ENG,2005
762,Jan Paul van Hecke,DF,NED,2000
763,Julio Enciso,"FW,MF",PAR,2004
764,Kaoru Mitoma,"FW,MF",JPN,1997
765,Levi Colwill,DF,ENG,2003
766,Odeluga Offiah,DF,ENG,2002
767,Pervis Estupiñán,DF,ECU,1998
768,Yasin Ayari,MF,SWE,2003
769,Benoît Badiashile,DF,FRA,2001
770,David Datro Fofana,FW,CIV,2002
771,Denis Zakaria,MF,SUI,1996
772,Enzo Fernández,MF,ARG,2001
773,João Félix,"FW,MF",POR,1999
774,Kalidou Koulibaly,DF,SEN,1991
775,Lewis Hall,DF,ENG,2004
776,Mykhailo Mudryk,"FW,MF",UKR,2001
777,Noni Madueke,FW,ENG,2002
778,Omari Hutchinson,FW,ENG,2003
779,Cheick Doucouré,MF,MLI,2000
780,Chris Richards,DF,USA,2000
781,David Ozoh,FW,ENG,2005
782,Joseph Whitworth,GK,ENG,2004
783,Malcolm Ebiowei,"MF,FW",ENG,2003
784,Naouirou Ahamada,"MF,FW",FRA,2002
785,Amadou Onana,MF,BEL,2001
786,Idrissa Gana Gueye,MF,SEN,1989
787,James Garner,"MF,DF",ENG,2001
788,Nathan Patterson,"DF,MF",SCO,2001
789,Thomas Cannon,FW,IRL,2002
790,Andreas Pereira,MF,BRA,1996
791,Harry Wilson,FW,WAL,1997
792,Jay Stansfield,FW,ENG,2002
793,João Palhinha,MF,POR,1995
794,Kevin Mbabu,"DF,FW",SUI,1995
795,Layvin Kurzawa,DF,FRA,1992
796,Luke Harris,"MF,FW",WAL,2005
797,Manor Solomon,FW,ISR,1999
798,Nathaniel Chalobah,MF,ENG,1994
799,Saša Lukić,MF,SRB,1996
800,Brenden Aaronson,"MF,FW",USA,2000
801,Darko Gyabi,FW,ENG,2004
802,Georginio Rutter,"FW,MF",FRA,2002
803,Joel Robles,GK,ESP,1990
804,Luis Sinisterra,FW,COL,1999
805,Marc Roca,MF,ESP,1996
806,Mateo Joseph,"FW,MF",ESP,2003
807,Maximilian Wöber,DF,AUT,1998
808,Rasmus Kristensen,DF,DEN,1997
809,Tyler Adams,MF,USA,1999
810,Weston McKennie,MF,USA,1998
811,Wilfried Gnonto,"FW,MF",ITA,2003
812,Daniel Iversen,GK,DEN,1997
813,Harry Souttar,DF,AUS,1998
814,Tetê,FW,BRA,2000
815,Victor Bernth Kristiansen,DF,DEN,2002
816,Wout Faes,DF,BEL,1998
817,Ben Gannon-Doak,FW,SCO,2005
818,Bobby Clark,MF,ENG,2005
819,Cody Gakpo,"FW,MF",NED,1999
820,Darwin Núñez,FW,URU,1999
821,Stefan Bajcetic,MF,ESP,2004
822,Erling Haaland,FW,NOR,2000
823,Julián Álvarez,"FW,MF",ARG,2000
824,Manuel Akanji,DF,SUI,1995
825,Máximo Perrone,MF,ARG,2003
826,Rico Lewis,"DF,MF",ENG,2004
827,Sergio Gómez,"DF,MF",ESP,2000
828,Shea Charles,DF,NIR,2003
829,Stefan Ortega,GK,GER,1992
830,Antony,FW,BRA,2000
831,Casemiro,MF,BRA,1992
832,Facundo Pellistri,"FW,MF",URU,2001
833,Kobbie Mainoo,MF,ENG,2005
834,Lisandro Martínez,DF,ARG,1998
835,Marcel Sabitzer,MF,AUT,1994
836,Tyrell Malacia,DF,NED,1999
837,Alexander Isak,FW,SWE,1999
838,Lewis Miley,MF,ENG,2006
839,Sven Botman,DF,NED,2000
840,Alex Mighten,FW,ENG,2002
841,André Ayew,"FW,MF",GHA,1989
842,Brennan Johnson,"FW,MF",WAL,2001
843,Cafú,MF,POR,1993
844,Danilo,MF,BRA,2001
845,Felipe,DF,BRA,1989
846,Giulian Biancone,DF,FRA,2000
847,Gustavo Scarpa,"MF,FW",BRA,1994
848,Harry Toffolo,DF,ENG,1995
849,Jack Colback,MF,ENG,1989
850,Joe Worrall,DF,ENG,1997
851,Keylor Navas,GK,CRC,1986
852,Lewis O'Brien,MF,ENG,1998
853,Moussa Niakhate,DF,SEN,1996
854,Orel Mangala,MF,BEL,1998
855,Remo Freuler,MF,SUI,1992
856,Renan Lodi,DF,BRA,1998
857,Ryan Yates,MF,ENG,1997
858,Sam Surridge,FW,ENG,1998
859,Scott McKenna,DF,SCO,1996
860,Steve Cook,DF,ENG,1991
861,Taiwo Awoniyi,FW,NGA,1997
862,Armel Bella Kotchap,DF,GER,2001
863,Carlos Alcaraz,"MF,FW",ARG,2002
864,Dominic Ballard,"FW,MF",ENG,2005
865,Duje Ćaleta-Car,DF,CRO,1996
866,Gavin Bazunu,GK,IRL,2002
867,James Bree,DF,ENG,1997
868,Joe Aribo,"MF,FW",NGA,1996
869,Juan Larios,DF,ESP,2004
870,Kamaldeen Sulemana,"FW,MF",GHA,2002
871,Kami Doyle,MF,ENG,2005
872,Mislav Oršić,MF,CRO,1992
873,Paul Onuachu,FW,NGA,1994
874,Roméo Lavia,MF,BEL,2004
875,Samuel Amo-Ameyaw,MF,ENG,2006
876,Samuel Edozie,"FW,MF",ENG,2003
877,Sekou Mara,"FW,MF",FRA,2002
878,Arnaut Danjuma,"FW,MF",NED,1997
879,Clément Lenglet,DF,FRA,1995
880,Djed Spence,"FW,DF",ENG,2000
881,George Abbott,MF,ENG,2005
882,Harvey White,MF,ENG,2001
883,Ivan Perišić,"DF,MF",CRO,1989
884,Matthew Craig,MF,SCO,2003
885,Pape Matar Sarr,"MF,FW",SEN,2002
886,Pedro Porro,"DF,MF",ESP,1999
887,Conor Coventry,"MF,FW",IRL,2000
888,Divin Mubama,FW,ENG,2004
889,Flynn Downes,MF,ENG,1999
890,Gianluca Scamacca,FW,ITA,1999
891,Lucas Paquetá,MF,BRA,1997
892,Nayef Aguerd,DF,MAR,1996
893,Thilo Kehrer,DF,GER,1996
894,Boubacar Traoré,MF,MLI,2001
895,Connor Ronan,MF,IRL,1998
896,Daniel Bentley,GK,ENG,1993
897,Dexter Lembikisa,DF,JAM,2003
898,Diego Costa,FW,ESP,1988
899,Gonçalo Guedes,"FW,MF",POR,1996
900,Hugo Bueno,DF,ESP,2002
901,Joseph Hodge,MF,IRL,2002
902,João Gomes,MF,BRA,2001
903,Matheus Cunha,FW,BRA,1999
904,Matheus Nunes,MF,POR,1998
905,Pablo Sarabia,"FW,MF",ESP,1992
906,Sasa Kalajdzic,FW,AUT,1997
907,Jurriën Timber,DF,NED,2001
908,Finley Munroe,MF,ENG,2005
909,Kaine Kesler-Hayden,"MF,DF",ENG,2002
910,Morgan Rogers,"MF,FW",ENG,2002
911,Moussa Diaby,"FW,MF",FRA,1999
912,Nicolò Zaniolo,"FW,MF",ITA,1999
913,Omari Kellyman,FW,ENG,2005
914,Pau Torres,DF,ESP,1997
915,Alex Scott,MF,ENG,2003
916,Dominic Sadi,FW,ENG,2003
917,Enes Ünal,"FW,MF",TUR,1997
918,Ionuț Radu,GK,ROU,1997
919,James Hill,DF,ENG,2002
920,Justin Kluivert,"MF,FW",NED,1999
921,Milos Kerkez,DF,HUN,2003
922,Romain Faivre,"MF,FW",FRA,1998
923,Mark Flekken,GK,NED,1993
924,Michael Olakigbe,"DF,FW",ENG,2004
925,Myles Peart-Harris,"DF,MF",ENG,2002
926,Thomas Strakosha,GK,ALB,1995
927,Yehor Yarmoliuk,MF,UKR,2004
928,Ansu Fati,"MF,FW",ESP,2002
929,Bart Verbruggen,GK,NED,2002
930,Benicio Boaitey,"FW,DF",ENG,2004
931,Carlos Baleba,MF,CMR,2004
932,Igor,DF,BRA,1998
933,Mahmoud Dahoud,MF,GER,1996
934,Mark O'Mahony,FW,IRL,2005
935,Simon Adingra,FW,CIV,2002
936,Valentín Barco,"DF,FW",ARG,2004
937,Aaron Ramsey,"MF,FW",ENG,2003
938,Ameen Al-Dakhil,DF,BEL,2002
939,Anass Zaroury,"FW,MF",MAR,2000
940,Arijanet Muric,GK,KVX,1998
941,Benson Manuel,"MF,FW",ANG,1997
942,Han-Noah Massengo,"MF,DF",FRA,2001
943,Hannes Delcroix,DF,HAI,1999
944,Hjalmar Ekdal,DF,SWE,1998
945,Jacob Bruun Larsen,"MF,FW",DEN,1998
946,James Trafford,GK,ENG,2002
947,Jordan Beyer,DF,GER,2000
948,Josh Cullen,MF,IRL,1996
949,Lorenz Assignon,DF,TOG,2000
950,Luca Koleosho,"MF,FW",ITA,2004
951,Lyle Foster,"FW,MF",RSA,2000
952,Maxime Estève,DF,FRA,2002
953,Mike Trésor,"FW,MF",BEL,1999
954,Vitinho,"DF,MF",BRA,1999
955,Wilson Odobert,"MF,FW",FRA,2004
956,Zeki Amdouni,FW,SUI,2000
957,Alex Matos,MF,ENG,2004
958,Alfie Gilchrist,DF,ENG,2003
959,Axel Disasi,DF,FRA,1998
960,Cesare Casadei,"FW,MF",ITA,2003
961,Christopher Nkunku,"FW,MF",FRA,1997
962,Deivid Washington,"DF,FW",BRA,2005
963,Ian Maatsen,"FW,MF",NED,2002
964,Jimi Tauriainen,FW,ENG,2004
965,Joshua Acheampong,DF,ENG,2006
966,Lesley Ugochukwu,MF,FRA,2004
967,Malo Gusto,DF,FRA,2003
968,Mason Burstow,FW,ENG,2003
969,Nicolas Jackson,FW,SEN,2001
970,Đorđe Petrović,GK,SRB,1999
971,Adam Wharton,MF,ENG,2004
972,Daniel Muñoz,"DF,MF",COL,1996
973,Matheus França,"MF,FW",BRA,2004
974,Remi Matthews,GK,ENG,1994
975,Beto,FW,GNB,1998
976,Lewis Warrington,FW,ENG,2002
977,Youssef Chermiti,FW,POR,2004
978,Calvin Bassey,DF,NGA,1999
979,Fodé Ballo-Touré,"DF,MF",SEN,1997
980,Rodrigo Muniz,FW,BRA,2001
981,Conor Bradley,DF,NIR,2003
982,Dominik Szoboszlai,MF,HUN,2000
983,James McConnell,MF,ENG,2004
984,Jarell Quansah,DF,ENG,2003
985,Jayden Danns,FW,ENG,2006
986,Owen Beck,DF,WAL,2002
987,Ryan Gravenberch,MF,NED,2002
988,Wataru Endo,MF,JPN,1993
989,Alfie Doughty,DF,ENG,1999
990,Amari'i Bell,DF,JAM,1994
991,Carlton Morris,"FW,MF",ENG,1995
992,Cauley Woodrow,"FW,MF",ENG,1994
993,Chiedozie Ogbene,"MF,DF",IRL,1997
994,Daiki Hashioka,DF,JPN,1999
995,Elijah Adebayo,FW,ENG,1998
996,Fred Onyedinma,"DF,MF",ENG,1996
997,Gabriel Osho,DF,NGA,1998
998,Issa Kaboré,DF,BFA,2001
999,Jacob Brown,"MF,FW",SCO,1998
1000,James Shea,GK,ENG,1991
1001,Jordan Clark,MF,ENG,1993
1002,Joseph Johnson,DF,ENG,2006
1003,Luke Berry,"MF,DF",ENG,1992
1004,Mads Juel Andersen,DF,DEN,1997
1005,Pelly Ruddock Mpanzu,MF,COD,1993
1006,Reece Burke,DF,ENG,1996
1007,Ryan Giles,"DF,MF",ENG,2000
1008,Tahith Chong,"MF,FW",CUW,1999
1009,Teden Mengi,DF,ENG,2002
1010,Thomas Kaminski,GK,BEL,1992
1011,Tom Lockyer,DF,WAL,1994
1012,Zack Nelson,"MF,DF",ENG,2004
1013,Jeremy Doku,"FW,MF",BEL,2002
1014,Joško Gvardiol,DF,CRO,2002
1015,Oscar Bobb,"FW,MF",NOR,2003
1016,André Onana,GK,CMR,1996
1017,Daniel Gore,MF,ENG,2004
1018,Ethan Wheatley,FW,ENG,2006
1019,Omari Forson,FW,ENG,2004
1020,Rasmus Højlund,FW,DEN,2003
1021,Sofyan Amrabat,"MF,DF",MAR,1996
1022,Willy Kambwala,DF,FRA,2004
1023,Alex Murphy,"DF,FW",IRL,2004
1024,Amadou Diallo,MF,ENG,2003
1025,Ben Parkinson,FW,ENG,2005
1026,Joe White,MF,ENG,2002
1027,Loris Karius,GK,GER,1993
1028,Michael Ndiweni,FW,ENG,2003
1029,Sandro Tonali,MF,ITA,2000
1030,Andrey Santos,MF,BRA,2004
1031,Brandon Aguilera,FW,CRC,2003
1032,Gio Reyna,"FW,MF",USA,2002
1033,Gonzalo Montiel,DF,ARG,1997
1034,Ibrahim Sangaré,MF,CIV,1997
1035,Matt Turner,GK,USA,1994
1036,Matz Sels,GK,BEL,1992
1037,Murillo,DF,BRA,2002
1038,Nicolás Domínguez,"MF,FW",ARG,1998
1039,Odysseas Vlachodimos,GK,GRE,1994
1040,Rodrigo Ribeiro,"MF,FW",POR,2005
1041,Andre Brooks,"MF,DF",ENG,2003
1042,Anel Ahmedhodžić,DF,BIH,1999
1043,Anis Ben Slimane,MF,TUN,2001
1044,Auston Trusty,DF,USA,1998
1045,Ben Brereton,"FW,MF",CHI,1999
1046,Bénie Traoré,"FW,MF",CIV,2002
1047,Gustavo Hamer,MF,NED,1997
1048,Ivo Grbić,GK,CRO,1996
1049,Oliver Arblaster,MF,ENG,2004
1050,Rhys Norrington-Davies,DF,WAL,1999
1051,Ryan One,FW,SCO,2006
1052,Sam Curtis,DF,IRL,2005
1053,Sydie Peck,MF,ENG,2004
1054,Vinicius Souza,MF,BRA,1999
1055,Wes Foderingham,GK,ENG,1991
1056,William Osula,FW,DEN,2003
1057,Yasser Larouci,DF,ALG,2001
1058,Alejo Véliz,FW,ARG,2003
1059,Destiny Udogie,DF,ITA,2002
1060,Guglielmo Vicario,GK,ITA,1996
1061,Jamie Donley,FW,NIR,2005
1062,Micky van de Ven,DF,NED,2001
1063,Mikey Moore,MF,ENG,2007
1064,Radu Drăgușin,DF,ROU,2002
1065,Edson Álvarez,MF,MEX,1997
1066,George Earthy,FW,ENG,2004
1067,Kaelan Casey,DF,ENG,2004
1068,Konstantinos Mavropanos,DF,GRE,1997
1069,Mohammed Kudus,"FW,MF",GHA,2000
1070,Enso Gonzalez,"MF,DF",PAR,2005
1071,Jean-Ricner Bellegarde,"MF,FW",HAI,1998
1072,Leon Chiwome,FW,ENG,2006
1073,Nathan Fraser,FW,IRL,2005
1074,Santiago Bueno,DF,URU,1998
1075,Tawanda Chirewa,"MF,FW",ZIM,2003
1076,Tommy Doyle,MF,ENG,2001
1077,Mikel Merino,"MF,FW",ESP,1996
1078,Myles Lewis-Skelly,DF,ENG,2006
1079,Nathan Butler-Oyedeji,FW,ENG,2003
1080,Riccardo Calafiori,DF,ITA,2002
1081,Andrés García,"DF,MF",ESP,2003
1082,Donyell Malen,FW,NED,1999
1083,Kosta Nedeljković,DF,SRB,2005
1084,Lamare Bogarde,"DF,MF",NED,2004
1085,Marco Asensio,MF,ESP,1996
1086,Ben Winterburn,"MF,FW",ENG,2004
1087,Dean Huijsen,DF,ESP,2005
1088,Evanilson,FW,BRA,1999
1089,Julian Araujo,DF,MEX,2001
1090,Julio Soler,"DF,FW",ARG,2005
1091,Remy Rees-Dottin,FW,ENG,2006
1092,Zain Silcott-Duberry,FW,MSR,2005
1093,Edmond-Paris Maghoma,"MF,FW",ENG,2001
1094,Gustavo Nunes,"FW,MF",BRA,2005
1095,Hákon Valdimarsson,GK,ISL,2001
1096,Jayden Meghoma,DF,ENG,2006
1097,Kim Jisoo,DF,KOR,2004
1098,Michael Kayode,DF,ITA,2004
1099,Ryan Trevitt,MF,ENG,2003
1100,Sepp van den Berg,DF,NED,2001
1101,Thiago,"FW,MF",BRA,2001
1102,Yunus Emre Konak,"FW,MF",TUR,2006
1103,Brajan Gruda,"MF,FW",GER,2004
1104,Diego Gómez,MF,PAR,2003
1105,Eiran Cashin,DF,IRL,2001
1106,Ferdi Kadioglu,"DF,MF",TUR,1999
1107,Harry Howell,FW,ENG,2008
1108,Mats Wieffer,"DF,MF",NED,1999
1109,Matt O'Riley,MF,DEN,2000
1110,Yankuba Minteh,"FW,MF",GAM,2004
1111,Filip Jørgensen,GK,DEN,2002
1112,Marc Guiu,FW,ESP,2006
1113,Mathis Amougou,MF,FRA,2006
1114,Renato Veiga,"DF,MF",POR,2003
1115,Shumaira Mheuka,MF,ENG,2007
1116,Tyrique George,FW,ENG,2006
1117,Asher Agbinone,MF,ENG,2005
1118,Caleb Kporha,DF,ENG,2006
1119,Chadi Riad,DF,MAR,2003
1120,Daichi Kamada,MF,JPN,1996
1121,Justin Devenny,MF,NIR,2003
1122,Maxence Lacroix,DF,FRA,2000
1123,Romain Esse,MF,ENG,2005
1124,Harrison Armstrong,MF,ENG,2007
1125,Jake O'Brien,DF,IRL,2001
1126,Jesper Lindstrøm,FW,DEN,2000
1127,Roman Dixon,DF,ENG,2004
1128,Jorge Cuenca,DF,ESP,1999
1129,Martial Godo,"FW,DF",ENG,2003
1130,Alex Palmer,GK,ENG,1996
1131,Ali Al Hamadi,FW,IRQ,2002
1132,Cameron Burgess,DF,AUS,1995
1133,Christian Walton,GK,ENG,1995
1134,Conor Chaplin,"MF,FW",ENG,1997
1135,George Edmundson,DF,ENG,1997
1136,George Hirst,FW,SCO,1999
1137,Harry Clarke,DF,ENG,2001
1138,Jack Clarke,"FW,MF",ENG,2000
1139,Jack Taylor,MF,IRL,1998
1140,Jacob Greaves,DF,ENG,2000
1141,Jens Cajuste,MF,SWE,1999
1142,Luke Woolfenden,DF,ENG,1998
1143,Marcus Harness,MF,ENG,1996
1144,Massimo Luongo,MF,AUS,1992
1145,Sam Morsy,MF,EGY,1991
1146,Sammie Szmodics,"FW,MF",IRL,1995
1147,Wes Burns,"FW,DF",WAL,1994
1148,Abdul Fatawu Issahaku,FW,GHA,2004
1149,Bilal El Khannouss,"MF,FW",MAR,2004
1150,Caleb Okoli,DF,ITA,2001
1151,Jake Evans,FW,,
1152,Jakub Stolarczyk,GK,POL,2000
1153,Jeremy Monga,"FW,MF",,2009
1154,Mads Hermansen,GK,DEN,2000
1155,Michael Golding,MF,ENG,2006
1156,Olabade Aluko,DF,,
1157,Stephy Mavididi,FW,ENG,1998
1158,Will Alves,FW,ENG,2005
1159,Woyo Coulibaly,DF,MLI,1999
1160,Federico Chiesa,FW,ITA,1997
1161,Vitezslav Jaros,GK,CZE,2001
1162,Abdukodir Khusanov,DF,UZB,2004
1163,Claudio Echeverri,FW,ARG,2006
1164,Jahmai Simpson-Pusey,DF,ENG,2005
1165,Nico O’Reilly,DF,ENG,2005
1166,Nicolás González,MF,ESP,2002
1167,Omar Marmoush,"FW,MF",EGY,1999
1168,Sávio,"FW,MF",BRA,2004
1169,Vitor Reis,DF,BRA,2006
1170,Altay Bayındır,GK,TUR,1998
1171,Ayden Heaven,DF,ENG,2006
1172,Chidozie Obi-Martin,FW,DEN,2007
1173,Harry Amass,DF,ENG,2007
1174,Joshua Zirkzee,"FW,MF",NED,2001
1175,Leny Yoro,DF,FRA,2005
1176,Manuel Ugarte,MF,URU,2001
1177,Matthijs de Ligt,DF,NED,1999
1178,Noussair Mazraoui,DF,MAR,1997
1179,Patrick Dorgu,DF,DEN,2004
1180,Toby Collyer,MF,ENG,2004
1181,Tyler Fredricson,DF,ENG,2005
1182,Eric da Silva Moreira,"MF,DF",GER,2006
1183,Jota Silva,"FW,MF",POR,1999
1184,Morato,DF,BRA,2001
1185,Nikola Milenković,DF,SRB,1997
1186,Ramón Sosa,"FW,MF",PAR,1999
1187,Albert Grønbaek,"FW,MF",DEN,2001
1188,Jay Robinson,"MF,FW",ENG,2007
1189,Joachim Kayi Sanda,DF,FRA,2006
1190,Joe Lumley,GK,ENG,1995
1191,Mateus Fernandes,MF,POR,2004
1192,Nathan Wood-Gordon,DF,ENG,2002
1193,Ronnie Edwards,DF,ENG,2003
1194,Ross Stewart,FW,SCO,1996
1195,Ryan Manning,"DF,MF",IRL,1996
1196,Taylor Harwood-Bellis,DF,ENG,2002
1197,Tyler Dibling,"FW,MF",ENG,2006
1198,Welington,DF,BRA,2001
1199,Yukinari Sugawara,"DF,MF",JPN,2000
1200,Alfie Dorrington,DF,ENG,2005
1201,Antonín Kinský,GK,CZE,2003
1202,Archie Gray,"DF,MF",ENG,2006
1203,Brandon Austin,GK,ENG,1999
1204,Kevin Danso,DF,AUT,1998
1205,Lucas Bergvall,MF,SWE,2006
1206,Mathys Tel,FW,FRA,2005
1207,Will Lankshear,"FW,MF",ENG,2005
1208,Andy Irving,MF,SCO,2000
1209,Carlos Soler,"MF,FW",ESP,1997
1210,Guido Rodríguez,MF,ARG,1994
1211,Jean-Clair Todibo,DF,FRA,1999
1212,Lewis Orford,MF,ENG,2006
1213,Luis Guilherme,"MF,FW",BRA,2006
1214,Niclas Füllkrug,FW,GER,1993
1215,Oliver Scarles,"DF,FW",ENG,2005
1216,Alfie Pond,DF,ENG,2004
1217,André,MF,BRA,2001
1218,Carlos Forbs,"MF,FW",POR,2004
1219,Emmanuel Agbadou,DF,CIV,1997
1220,Jørgen Strand Larsen,FW,NOR,2000
1221,Marshall Munetsi,"MF,FW",ZIM,1996
1222,Mateus Mane,MF,POR,2007
1223,Nasser Djiga,DF,BFA,2002
1224,Pedro Lima,DF,BRA,2006
1225,Rodrigo Gomes,"DF,FW",POR,2003
1226,Tom King,GK,WAL,1995
1227,Yerson Mosquera,DF,COL,2001
