player,pos,nation,born
Ainsley Maitland-Niles,"MF,DF",ENG,1997.0
Alexandre Lacazette,FW,FRA,1991.0
Bernd Leno,GK,GER,1992.0
Bukayo Saka,"FW,MF",ENG,2001.0
Calum Chambers,DF,ENG,1995.0
Cédric Soares,DF,POR,1991.0
Dani Ceballos,MF,ESP,1996.0
David Luiz,DF,BRA,1987.0
Eddie Nketiah,FW,ENG,1999.0
Emile Smith Rowe,"MF,FW",ENG,2000.0
Gabriel Magalhães,DF,BRA,1997.0
Gabriel Martinelli,FW,BRA,2001.0
Granit Xhaka,"MF,DF",SUI,1992.0
Héctor Bellerín,"DF,MF",ESP,1995.0
Joe Willock,MF,ENG,1999.0
Kieran Tierney,DF,SCO,1997.0
Martin Ødegaard,MF,NOR,1998.0
Mathew Ryan,GK,AUS,1992.0
Mohamed Elneny,MF,EGY,1992.0
Nicolas Pépé,FW,CIV,1995.0
Pablo Marí,DF,ESP,1993.0
Pierre-Emerick Aubameyang,FW,GAB,1989.0
Reiss Nelson,"FW,MF",ENG,1999.0
Rob Holding,DF,ENG,1995.0
Rúnar Alex Rúnarsson,GK,ISL,1995.0
Sead Kolašinac,DF,BIH,1993.0
Shkodran Mustafi,DF,GER,1992.0
Thomas Partey,MF,GHA,1993.0
Willian,FW,BRA,1988.0
Ahmed Elmohamady,DF,EGY,1987.0
Anwar El Ghazi,FW,NED,1995.0
Bertrand Traoré,FW,BFA,1995.0
Carney Chukwuemeka,"MF,FW",ENG,2003.0
Conor Hourihane,MF,IRL,1991.0
Douglas Luiz,MF,BRA,1998.0
Emiliano Martínez,GK,ARG,1992.0
Ezri Konsa,DF,ENG,1997.0
Jack Grealish,"FW,MF",ENG,1995.0
Jacob Ramsey,MF,ENG,2001.0
Jaden Philogene Bidace,FW,ENG,2002.0
John McGinn,MF,SCO,1994.0
Keinan Davis,"FW,MF",ENG,1998.0
Kortney Hause,DF,ENG,1995.0
Marvelous Nakamba,MF,ZIM,1994.0
Matt Targett,DF,ENG,1995.0
Matty Cash,DF,POL,1997.0
Morgan Sanson,MF,FRA,1994.0
Neil Taylor,DF,WAL,1989.0
Ollie Watkins,FW,ENG,1995.0
Ross Barkley,MF,ENG,1993.0
Trézéguet,FW,EGY,1994.0
Tyrone Mings,DF,ENG,1993.0
Wesley Moraes,FW,BRA,1996.0
Aaron Connolly,FW,IRL,2000.0
Adam Lallana,"MF,FW",ENG,1988.0
Adam Webster,DF,ENG,1995.0
Alexis Mac Allister,"MF,FW",ARG,1998.0
Alireza Jahanbakhsh,"FW,MF",IRN,1993.0
Andi Zeqiri,"FW,DF",SUI,1999.0
Ben White,"DF,MF",ENG,1997.0
Bernardo,"DF,MF",BRA,1995.0
Dan Burn,DF,ENG,1992.0
Danny Welbeck,FW,ENG,1990.0
Davy Pröpper,MF,NED,1991.0
Jakub Moder,"DF,MF",POL,1999.0
Jayson Molumby,MF,IRL,1999.0
José Izquierdo,DF,COL,1992.0
Joël Veltman,DF,NED,1992.0
Leandro Trossard,"MF,FW",BEL,1994.0
Lewis Dunk,DF,ENG,1991.0
Neal Maupay,"FW,MF",FRA,1996.0
Pascal Groß,"MF,DF",GER,1991.0
Percy Tau,FW,RSA,1994.0
Reda Khadra,MF,GER,2001.0
Robert Sánchez,GK,ESP,1997.0
Solly March,"DF,MF",ENG,1994.0
Steven Alzate,MF,COL,1998.0
Tariq Lamptey,"DF,MF",GHA,2000.0
Yves Bissouma,MF,MLI,1996.0
Ashley Barnes,FW,ENG,1989.0
Ashley Westwood,MF,ENG,1990.0
Bailey Peacock-Farrell,GK,NIR,1996.0
Ben Mee,DF,ENG,1989.0
Charlie Taylor,DF,ENG,1993.0
Chris Wood,FW,NZL,1991.0
Dale Stephens,MF,ENG,1989.0
Dwight McNeil,MF,ENG,1999.0
Erik Pieters,"DF,MF",NED,1988.0
Jack Cork,MF,ENG,1989.0
James Tarkowski,DF,ENG,1992.0
Jay Rodriguez,FW,ENG,1989.0
Jimmy Dunne,DF,IRL,1997.0
Joel Mumbongo,FW,SWE,1999.0
Josh Benson,MF,ENG,1999.0
Josh Brownhill,MF,ENG,1995.0
Jóhann Berg Guðmundsson,MF,ISL,1990.0
Kevin Long,DF,IRL,1990.0
Lewis Richardson,"FW,MF",ENG,2003.0
Matthew Lowton,DF,ENG,1989.0
Matěj Vydra,FW,CZE,1992.0
Nick Pope,GK,ENG,1992.0
Phil Bardsley,DF,SCO,1985.0
Robbie Brady,MF,IRL,1992.0
Will Norris,GK,ENG,1993.0
Andreas Christensen,DF,DEN,1996.0
Antonio Rüdiger,DF,GER,1993.0
Ben Chilwell,DF,ENG,1996.0
Billy Gilmour,MF,SCO,2001.0
Callum Hudson-Odoi,"FW,DF",ENG,2000.0
Christian Pulisic,"FW,MF",USA,1998.0
César Azpilicueta,DF,ESP,1989.0
Edouard Mendy,GK,SEN,1992.0
Emerson Palmieri,DF,ITA,1994.0
Fikayo Tomori,DF,ENG,1997.0
Hakim Ziyech,"MF,FW",MAR,1993.0
Jorginho,MF,ITA,1991.0
Kai Havertz,"MF,FW",GER,1999.0
Kepa Arrizabalaga,GK,ESP,1994.0
Kurt Zouma,DF,FRA,1994.0
Marcos Alonso,DF,ESP,1990.0
Mason Mount,MF,ENG,1999.0
Mateo Kovačić,MF,CRO,1994.0
N'Golo Kanté,MF,FRA,1991.0
Olivier Giroud,FW,FRA,1986.0
Reece James,DF,ENG,1999.0
Ruben Loftus-Cheek,FW,ENG,1996.0
Tammy Abraham,FW,ENG,1997.0
Thiago Silva,DF,BRA,1984.0
Timo Werner,"FW,MF",GER,1996.0
Willy Caballero,GK,ARG,1981.0
Andros Townsend,"MF,FW",ENG,1991.0
Cheikhou Kouyaté,DF,SEN,1989.0
Christian Benteke,FW,BEL,1990.0
Eberechi Eze,MF,ENG,1998.0
Gary Cahill,DF,ENG,1985.0
Jack Butland,GK,ENG,1993.0
James McArthur,MF,SCO,1987.0
James McCarthy,MF,IRL,1990.0
James Tomkins,DF,ENG,1989.0
Jaïro Riedewald,MF,NED,1996.0
Jean-Philippe Mateta,FW,FRA,1997.0
Jeffrey Schlupp,MF,GHA,1992.0
Joel Ward,DF,ENG,1989.0
Jordan Ayew,"FW,MF",GHA,1991.0
Luka Milivojević,MF,SRB,1991.0
Mamadou Sakho,DF,FRA,1990.0
Martin Kelly,DF,ENG,1990.0
Michy Batshuayi,FW,BEL,1993.0
Nathaniel Clyne,DF,ENG,1991.0
Patrick van Aanholt,DF,NED,1990.0
Scott Dann,DF,ENG,1987.0
Tyrick Mitchell,DF,ENG,1999.0
Vicente Guaita,GK,ESP,1987.0
Wilfried Zaha,FW,CIV,1992.0
Abdoulaye Doucouré,MF,MLI,1993.0
Alex Iwobi,"FW,MF",NGA,1996.0
Allan,MF,BRA,1991.0
André Gomes,MF,POR,1993.0
Anthony Gordon,"FW,MF",ENG,2001.0
Ben Godfrey,DF,ENG,1998.0
Bernard,"MF,FW",BRA,1992.0
Cenk Tosun,FW,TUR,1991.0
Dominic Calvert-Lewin,FW,ENG,1997.0
Fabian Delph,"MF,DF",ENG,1989.0
Gylfi Sigurðsson,"MF,FW",ISL,1989.0
James Rodríguez,"FW,MF",COL,1991.0
Jean-Philippe Gbamin,MF,CIV,1995.0
Jonjoe Kenny,DF,ENG,1997.0
Jordan Pickford,GK,ENG,1994.0
Joshua King,"MF,FW",NOR,1992.0
João Virgínia,GK,POR,1999.0
Lucas Digne,"DF,MF",FRA,1993.0
Mason Holgate,DF,JAM,1996.0
Michael Keane,DF,ENG,1993.0
Moise Kean,"FW,MF",ITA,2000.0
Nathan Broadhead,FW,WAL,1998.0
Niels Nkounkou,"DF,FW",FRA,2000.0
Richarlison,FW,BRA,1997.0
Robin Olsen,GK,SWE,1990.0
Séamus Coleman,"DF,MF",IRL,1988.0
Theo Walcott,FW,ENG,1989.0
Tom Davies,MF,ENG,1998.0
Yerry Mina,DF,COL,1994.0
Aboubakar Kamara,"FW,MF",MTN,1995.0
Ademola Lookman,"FW,MF",NGA,1997.0
Aleksandar Mitrović,FW,SRB,1994.0
Alphonse Areola,GK,FRA,1993.0
Andre-Frank Zambo Anguissa,MF,CMR,1995.0
Antonee Robinson,DF,USA,1997.0
Bobby De Cordova-Reid,"MF,FW",JAM,1993.0
Denis Odoi,DF,GHA,1988.0
Fabio Carvalho,"MF,FW",POR,2002.0
Harrison Reed,MF,ENG,1995.0
Ivan Cavaleiro,FW,POR,1993.0
Joachim Andersen,DF,DEN,1996.0
Joe Bryan,"DF,MF",ENG,1993.0
Josh Maja,FW,NGA,1998.0
Josh Onomah,MF,ENG,1997.0
Kenny Tete,"DF,MF",NED,1995.0
Marek Rodák,GK,SVK,1996.0
Mario Lemina,MF,GAB,1993.0
Maxime Le Marchand,DF,FRA,1989.0
Michael Hector,DF,JAM,1992.0
Neeskens Kebano,"FW,MF",COD,1992.0
Ola Aina,DF,NGA,1996.0
Terence Kongolo,DF,NED,1994.0
Tim Ream,DF,USA,1987.0
Tom Cairney,MF,SCO,1991.0
Tosin Adarabioyo,DF,ENG,1997.0
Tyrese Francois,DF,AUS,2000.0
Diego Llorente,DF,ESP,1993.0
Ezgjan Alioski,"DF,MF",MKD,1992.0
Gaetano Berardi,DF,SUI,1988.0
Hélder Costa,"MF,FW",ANG,1994.0
Ian Poveda,MF,ENG,2000.0
Illan Meslier,GK,FRA,2000.0
Jack Harrison,"MF,FW",ENG,1996.0
Jamie Shackleton,"MF,DF",ENG,1999.0
Kalvin Phillips,MF,ENG,1995.0
Kiko Casilla,GK,ESP,1986.0
Leif Davis,DF,ENG,2000.0
Liam Cooper,DF,SCO,1991.0
Luke Ayling,DF,ENG,1991.0
Mateusz Klich,MF,POL,1990.0
Niall Huggins,DF,WAL,2000.0
Pablo Hernández,MF,ESP,1985.0
Pascal Struijk,"DF,MF",NED,1999.0
Patrick Bamford,FW,ENG,1993.0
Raphinha,"MF,FW",BRA,1996.0
Robin Koch,"DF,MF",GER,1996.0
Rodrigo,"MF,FW",ESP,1991.0
Stuart Dallas,"MF,DF",NIR,1991.0
Tyler Roberts,"MF,FW",WAL,1999.0
Ayoze Pérez,"MF,FW",ESP,1993.0
Cengiz Ünder,"FW,MF",TUR,1997.0
Christian Fuchs,DF,AUT,1986.0
Daniel Amartey,DF,GHA,1994.0
Demarai Gray,FW,JAM,1996.0
Dennis Praet,MF,BEL,1994.0
Hamza Choudhury,MF,BAN,1997.0
Harvey Barnes,"FW,MF",ENG,1997.0
Islam Slimani,FW,ALG,1988.0
James Justin,DF,ENG,1998.0
James Maddison,MF,ENG,1996.0
Jamie Vardy,FW,ENG,1987.0
Jonny Evans,DF,NIR,1988.0
Kasper Schmeichel,GK,DEN,1986.0
Kelechi Iheanacho,FW,NGA,1996.0
Khanya Leshabela,MF,RSA,1999.0
Luke Thomas,DF,ENG,2001.0
Marc Albrighton,"DF,FW",ENG,1989.0
Nampalys Mendy,MF,SEN,1992.0
Ricardo Pereira,"DF,FW",POR,1993.0
Sidnei Tavares,MF,,2001.0
Timothy Castagne,DF,BEL,1995.0
Wes Morgan,DF,JAM,1984.0
Wesley Fofana,DF,FRA,2000.0
Wilfred Ndidi,"MF,DF",NGA,1996.0
Youri Tielemans,MF,BEL,1997.0
Çağlar Söyüncü,DF,TUR,1996.0
Adrián,GK,ESP,1987.0
Alex Oxlade-Chamberlain,"MF,FW",ENG,1993.0
Alisson,GK,BRA,1992.0
Andrew Robertson,DF,SCO,1994.0
Caoimhín Kelleher,GK,IRL,1998.0
Curtis Jones,MF,ENG,2001.0
Diogo Jota,FW,POR,1996.0
Divock Origi,FW,BEL,1995.0
Fabinho,"DF,MF",BRA,1993.0
Georginio Wijnaldum,MF,NED,1990.0
James Milner,"MF,DF",ENG,1986.0
Joe Gomez,DF,ENG,1997.0
Jordan Henderson,"MF,DF",ENG,1990.0
Joël Matip,DF,CMR,1991.0
Kostas Tsimikas,"DF,FW",GRE,1996.0
Mohamed Salah,FW,EGY,1992.0
Naby Keïta,MF,GUI,1995.0
Nathaniel Phillips,DF,ENG,1997.0
Neco Williams,DF,WAL,2001.0
Ozan Kabak,DF,TUR,2000.0
Rhys Williams,DF,ENG,2001.0
Roberto Firmino,FW,BRA,1991.0
Sadio Mané,FW,SEN,1992.0
Takumi Minamino,"MF,FW",JPN,1995.0
Thiago Alcántara,MF,ESP,1991.0
Trent Alexander-Arnold,DF,ENG,1998.0
Virgil van Dijk,DF,NED,1991.0
Xherdan Shaqiri,"MF,FW",SUI,1991.0
Aymeric Laporte,DF,ESP,1994.0
Benjamin Mendy,DF,FRA,1994.0
Bernardo Silva,"MF,FW",POR,1994.0
Ederson,GK,BRA,1993.0
Eric García,DF,ESP,2001.0
Fernandinho,MF,BRA,1985.0
Ferrán Torres,"FW,MF",ESP,2000.0
Gabriel Jesus,FW,BRA,1997.0
John Stones,DF,ENG,1994.0
João Cancelo,"DF,MF",POR,1994.0
Kevin De Bruyne,MF,BEL,1991.0
Kyle Walker,DF,ENG,1990.0
Liam Delap,FW,ENG,2003.0
Nathan Aké,DF,NED,1995.0
Oleksandr Zinchenko,DF,UKR,1996.0
Phil Foden,"FW,MF",ENG,2000.0
Raheem Sterling,FW,ENG,1994.0
Riyad Mahrez,FW,ALG,1991.0
Rodri,MF,ESP,1996.0
Rúben Dias,DF,POR,1997.0
Scott Carson,GK,ENG,1985.0
Sergio Agüero,FW,ARG,1988.0
Zack Steffen,GK,USA,1995.0
İlkay Gündoğan,MF,GER,1990.0
Aaron Wan-Bissaka,DF,COD,1997.0
Alex Telles,DF,BRA,1992.0
Amad Diallo,FW,CIV,2002.0
Anthony Elanga,FW,SWE,2002.0
Anthony Martial,FW,FRA,1995.0
Axel Tuanzebe,DF,COD,1997.0
Brandon Williams,DF,ENG,2000.0
Bruno Fernandes,MF,POR,1994.0
Daniel James,FW,WAL,1997.0
David de Gea,GK,ESP,1990.0
Dean Henderson,GK,ENG,1997.0
Donny van de Beek,"MF,FW",NED,1997.0
Edinson Cavani,FW,URU,1987.0
Eric Bailly,DF,CIV,1994.0
Fred,MF,BRA,1993.0
Hannibal Mejbri,MF,TUN,2003.0
Harry Maguire,DF,ENG,1993.0
Juan Mata,"FW,MF",ESP,1988.0
Luke Shaw,DF,ENG,1995.0
Marcus Rashford,FW,ENG,1997.0
Mason Greenwood,FW,ENG,2001.0
Nemanja Matić,MF,SRB,1988.0
Odion Ighalo,FW,NGA,1989.0
Paul Pogba,"MF,FW",FRA,1993.0
Scott McTominay,MF,SCO,1996.0
Shola Shoretire,FW,ENG,2004.0
Timothy Fosu-Mensah,DF,NED,1998.0
Victor Lindelöf,DF,SWE,1994.0
Will Fish,FW,ENG,2003.0
Allan Saint-Maximin,"FW,MF",FRA,1997.0
Andy Carroll,FW,ENG,1989.0
Callum Wilson,FW,ENG,1992.0
Ciaran Clark,DF,IRL,1989.0
DeAndre Yedlin,DF,USA,1993.0
Dwight Gayle,"FW,MF",ENG,1990.0
Elliot Anderson,MF,ENG,2002.0
Emil Krafth,DF,SWE,1994.0
Fabian Schär,DF,SUI,1991.0
Federico Fernández,DF,ARG,1989.0
Isaac Hayden,"MF,DF",JAM,1995.0
Jacob Murphy,"DF,MF",ENG,1995.0
Jamaal Lascelles,DF,ENG,1993.0
Jamal Lewis,DF,NIR,1998.0
Javier Manquillo,DF,ESP,1994.0
Jeff Hendrick,MF,IRL,1992.0
Joelinton,"FW,MF",BRA,1996.0
Jonjo Shelvey,MF,ENG,1992.0
Karl Darlow,GK,WAL,1990.0
Martin Dúbravka,GK,SVK,1989.0
Matt Ritchie,"DF,MF",SCO,1989.0
Matthew Longstaff,MF,ENG,2000.0
Miguel Almirón,"MF,FW",PAR,1994.0
Paul Dummett,DF,WAL,1991.0
Ryan Fraser,"FW,MF",SCO,1994.0
Sean Longstaff,MF,ENG,1997.0
Aaron Ramsdale,GK,ENG,1998.0
Antwoine Hackford,DF,ENG,2004.0
Ben Osborn,"MF,DF",ENG,1994.0
Billy Sharp,FW,ENG,1986.0
Chris Basham,"DF,MF",ENG,1988.0
Daniel Jebbison,FW,CAN,2003.0
David McGoldrick,"FW,MF",IRL,1987.0
Enda Stevens,DF,IRL,1990.0
Ethan Ampadu,"DF,MF",WAL,2000.0
Femi Seriki,MF,ENG,2002.0
George Baldock,DF,GRE,1993.0
Iliman Ndiaye,MF,SEN,2000.0
Jack O'Connell,DF,ENG,1994.0
Jack Robinson,DF,ENG,1993.0
Jayden Bogle,"DF,MF",ENG,2000.0
John Egan,DF,IRL,1992.0
John Fleck,MF,SCO,1991.0
John Lundstram,MF,ENG,1994.0
Kean Bryan,DF,ENG,1996.0
Lys Mousset,"FW,MF",FRA,1996.0
Max Lowe,DF,ENG,1997.0
Oliver Burke,FW,SCO,1997.0
Oliver McBurnie,FW,SCO,1996.0
Oliver Norwood,MF,NIR,1991.0
Phil Jagielka,DF,ENG,1982.0
Rhian Brewster,"FW,MF",ENG,2000.0
Sander Berge,MF,NOR,1998.0
Alex McCarthy,GK,ENG,1989.0
Alexandre Jankewitz,MF,SUI,2001.0
Allan Tchaptchet,DF,FRA,2001.0
Caleb Watts,MF,AUS,2002.0
Che Adams,FW,SCO,1996.0
Dan Nlundulu,"FW,MF",ENG,1999.0
Danny Ings,FW,ENG,1992.0
Fraser Forster,GK,ENG,1988.0
Ibrahima Diallo,MF,FRA,1999.0
Jack Stephens,DF,ENG,1994.0
Jake Vokins,DF,ENG,2000.0
James Ward-Prowse,MF,ENG,1994.0
Jan Bednarek,DF,POL,1996.0
Jannik Vestergaard,DF,DEN,1992.0
Kayne Ramsey,DF,ENG,2000.0
Kyle Walker-Peters,DF,ENG,1997.0
Michael Obafemi,FW,IRL,2000.0
Mohammed Salisu,DF,GHA,1999.0
Moussa Djenepo,MF,MLI,1998.0
Nathan Redmond,"MF,FW",ENG,1994.0
Nathan Tella,"FW,MF",NGA,1999.0
Oriol Romeu,MF,ESP,1991.0
Ryan Bertrand,DF,ENG,1989.0
Shane Long,FW,IRL,1987.0
Stuart Armstrong,MF,SCO,1992.0
William Smallbone,MF,IRL,2000.0
Yan Valery,"DF,MF",TUN,1999.0
Ben Davies,DF,WAL,1993.0
Carlos Vinícius,FW,BRA,1995.0
Dane Scarlett,FW,ENG,2004.0
Davinson Sánchez,DF,COL,1996.0
Dele Alli,MF,ENG,1996.0
Eric Dier,DF,ENG,1994.0
Gareth Bale,FW,WAL,1989.0
Giovani Lo Celso,MF,ARG,1996.0
Harry Kane,FW,ENG,1993.0
Harry Winks,MF,ENG,1996.0
Hugo Lloris,GK,FRA,1986.0
Japhet Tanganga,DF,ENG,1999.0
Joe Rodon,DF,WAL,1997.0
Lucas Moura,"FW,MF",BRA,1992.0
Matt Doherty,DF,IRL,1992.0
Moussa Sissoko,MF,FRA,1989.0
Pierre Højbjerg,MF,DEN,1995.0
Serge Aurier,DF,CIV,1992.0
Sergio Reguilón,DF,ESP,1996.0
Son Heung-min,FW,KOR,1992.0
Steven Bergwijn,"FW,MF",NED,1997.0
Tanguy Ndombele,MF,FRA,1996.0
Toby Alderweireld,DF,BEL,1989.0
Érik Lamela,"FW,MF",ARG,1992.0
Ahmed Hegazi,DF,EGY,1991.0
Branislav Ivanović,DF,SRB,1984.0
Callum Robinson,"FW,MF",IRL,1995.0
Charlie Austin,"FW,MF",ENG,1989.0
Conor Gallagher,MF,ENG,2000.0
Conor Townsend,DF,ENG,1993.0
Dara O'Shea,DF,IRL,1999.0
Darnell Furlong,DF,ENG,1995.0
David Button,GK,ENG,1989.0
Filip Krovinović,MF,CRO,1995.0
Grady Diangana,"MF,FW",COD,1998.0
Hal Robson-Kanu,FW,WAL,1989.0
Jake Livermore,MF,ENG,1989.0
Kamil Grosicki,"MF,FW",POL,1988.0
Karlan Grant,"FW,MF",ENG,1997.0
Kieran Gibbs,DF,ENG,1989.0
Kyle Bartley,DF,ENG,1991.0
Kyle Edwards,"MF,FW",ENG,1998.0
Lee Peltier,DF,ENG,1986.0
Matheus Pereira,"MF,FW",BRA,1996.0
Matt Phillips,MF,SCO,1991.0
Mbaye Diagne,FW,SEN,1991.0
Okay Yokuşlu,MF,TUR,1994.0
Rekeem Harper,MF,ENG,2000.0
Robert Snodgrass,"MF,FW",SCO,1987.0
Romaine Sawyers,MF,SKN,1991.0
Sam Field,MF,ENG,1998.0
Sam Johnstone,GK,ENG,1993.0
Semi Ajayi,DF,NGA,1993.0
Aaron Cresswell,DF,ENG,1989.0
Andriy Yarmolenko,"FW,MF",UKR,1989.0
Angelo Ogbonna,DF,ITA,1988.0
Arthur Masuaku,"DF,MF",COD,1993.0
Ben Johnson,"DF,FW",ENG,2000.0
Craig Dawson,DF,ENG,1990.0
Darren Randolph,GK,IRL,1987.0
Declan Rice,MF,ENG,1999.0
Fabián Balbuena,DF,PAR,1991.0
Felipe Anderson,"FW,MF",BRA,1993.0
Issa Diop,DF,FRA,1997.0
Jarrod Bowen,"FW,MF",ENG,1996.0
Jesse Lingard,"MF,FW",ENG,1992.0
Manuel Lanzini,"MF,FW",ARG,1993.0
Mark Noble,MF,ENG,1987.0
Michail Antonio,FW,JAM,1990.0
Pablo Fornals,"FW,MF",ESP,1996.0
Ryan Fredericks,"DF,FW",ENG,1992.0
Saïd Benrahma,"FW,MF",ALG,1995.0
Sébastien Haller,FW,CIV,1994.0
Tomáš Souček,MF,CZE,1995.0
Vladimír Coufal,DF,CZE,1992.0
Łukasz Fabiański,GK,POL,1985.0
Adama Traoré,"FW,MF",ESP,1996.0
Conor Coady,DF,ENG,1993.0
Daniel Podence,"MF,FW",POR,1995.0
Fernando Marçal,"DF,MF",BRA,1989.0
Fábio Silva,FW,POR,2002.0
John Ruddy,GK,ENG,1986.0
Jonny Castro,"MF,DF",ESP,1994.0
João Moutinho,MF,POR,1986.0
Ki-Jana Hoever,"DF,MF",NED,2002.0
Leander Dendoncker,"MF,DF",BEL,1995.0
Max Kilman,DF,ENG,1997.0
Morgan Gibbs-White,"MF,FW",ENG,2000.0
Nélson Semedo,"DF,MF",POR,1993.0
Oskar Buur,DF,DEN,1998.0
Owen Otasowie,"MF,FW",USA,2001.0
Patrick Cutrone,FW,ITA,1998.0
Pedro Neto,"FW,MF",POR,2000.0
Rayan Aït-Nouri,DF,ALG,2001.0
Raúl Jiménez,FW,MEX,1991.0
Romain Saïss,DF,MAR,1990.0
Rui Patrício,GK,POR,1988.0
Rúben Neves,MF,POR,1997.0
Rúben Vinagre,"MF,DF",POR,1999.0
Theo Corbeanu,FW,CAN,2002.0
Vitinha,MF,POR,2000.0
Willian José,FW,BRA,1991.0
Willy Boly,DF,CIV,1991.0
Albert Sambi Lokonga,MF,BEL,1999.0
Folarin Balogun,FW,USA,2001.0
Nuno Tavares,DF,POR,2000.0
Takehiro Tomiyasu,DF,JPN,1998.0
Ashley Young,"DF,FW",ENG,1985.0
Cameron Archer,"FW,MF",ENG,2001.0
Emi Buendía,"MF,FW",ARG,1996.0
Jed Steer,GK,ENG,1992.0
Leon Bailey,"FW,MF",JAM,1997.0
Philippe Coutinho,"MF,FW",BRA,1992.0
Tim Iroegbunam,MF,ENG,2003.0
Bryan Mbeumo,FW,CMR,1999.0
Charlie Goode,DF,ENG,1995.0
Christian Eriksen,MF,DEN,1992.0
Christian Nørgaard,MF,DEN,1994.0
David Raya,GK,ESP,1995.0
Dominic Thompson,DF,ENG,2000.0
Ethan Pinnock,DF,JAM,1993.0
Finley Stevens,DF,WAL,2003.0
Frank Onyeka,MF,NGA,1998.0
Ivan Toney,FW,ENG,1996.0
Jonas Lössl,GK,DEN,1989.0
Josh Dasilva,"MF,FW",ENG,1998.0
Kristoffer Ajer,DF,NOR,1998.0
Mads Bech Sørensen,DF,DEN,1999.0
Mads Bidstrup,MF,DEN,2001.0
Mads Roerslev,DF,DEN,1999.0
Marcus Forss,"FW,MF",FIN,1999.0
Mathias Jensen,MF,DEN,1996.0
Mathias Jørgensen,DF,DEN,1990.0
Nathan Young-Coombes,MF,ENG,2003.0
Pontus Jansson,DF,SWE,1991.0
Rico Henry,DF,ENG,1997.0
Saman Ghoddos,"MF,DF",IRN,1993.0
Sergi Canós,"DF,FW",ESP,1997.0
Shandon Baptiste,MF,GRN,1998.0
Tariqe Fosu,DF,GHA,1995.0
Vitaly Janelt,MF,GER,1998.0
Yoane Wissa,FW,COD,1996.0
Álvaro Fernández,GK,ESP,1998.0
Enock Mwepu,MF,ZAM,1998.0
Evan Ferguson,MF,IRL,2004.0
Jason Steele,GK,ENG,1990.0
Jeremy Sarmiento,"FW,MF",ECU,2002.0
Jürgen Locadia,"MF,FW",CUW,1993.0
Marc Cucurella,DF,ESP,1998.0
Moisés Caicedo,MF,ECU,2001.0
Shane Duffy,DF,IRL,1992.0
Taylor Richards,MF,ENG,2000.0
Aaron Lennon,"MF,FW",ENG,1987.0
Connor Roberts,DF,WAL,1995.0
Maxwel Cornet,"FW,MF",CIV,1996.0
Nathan Collins,DF,IRL,2001.0
Wayne Hennessey,GK,WAL,1987.0
Wout Weghorst,FW,NED,1992.0
Kenedy,DF,BRA,1996.0
Malang Sarr,DF,FRA,1999.0
Romelu Lukaku,FW,BEL,1993.0
Saúl Ñíguez,"DF,MF",ESP,1994.0
Trevoh Chalobah,DF,ENG,1999.0
Jesurun Rak Sakyi,"FW,MF",ENG,2002.0
Marc Guéhi,DF,ENG,2000.0
Michael Olise,"FW,MF",FRA,2001.0
Nathan Ferguson,DF,ENG,2000.0
Odsonne Édouard,FW,FRA,1998.0
Will Hughes,MF,ENG,1995.0
Asmir Begović,GK,BIH,1987.0
Ellis Simms,FW,ENG,2001.0
Isaac Price,MF,NIR,2003.0
Jarrad Branthwaite,DF,ENG,2002.0
Lewis Dobbin,"FW,MF",ENG,2003.0
Salomón Rondón,FW,VEN,1989.0
Tyler Onyango,MF,ENG,2003.0
Vitaliy Mykolenko,DF,UKR,1999.0
Adam Forshaw,MF,ENG,1991.0
Charlie Cresswell,DF,ENG,2002.0
Cody Drameh,"DF,MF",ENG,2001.0
Crysencio Summerville,"MF,FW",NED,2001.0
Joe Gelhardt,"FW,MF",ENG,2002.0
Junior Firpo,"DF,MF",DOM,1996.0
Kristoffer Klaesson,GK,NOR,2000.0
Leo Fuhr Hjelde,"MF,DF",NOR,2003.0
Lewis Bate,MF,ENG,2002.0
Liam McCarron,FW,SCO,2001.0
Sam Greenwood,"MF,FW",ENG,2002.0
Stuart McKinstry,MF,SCO,2002.0
Boubakary Soumaré,MF,FRA,1999.0
Danny Ward,GK,WAL,1993.0
Kasey McAteer,FW,IRL,2001.0
Kiernan Dewsbury-Hall,MF,ENG,1998.0
Lewis Brunt,MF,ENG,2000.0
Patson Daka,FW,ZAM,1998.0
Harvey Elliott,MF,ENG,2003.0
Ibrahima Konaté,DF,FRA,1999.0
Kaide Gordon,FW,ENG,2004.0
Luis Díaz,FW,COL,1997.0
Tyler Morton,MF,ENG,2002.0
CJ Egan-Riley,DF,ENG,2003.0
Cole Palmer,"FW,MF",ENG,2002.0
James Mcatee,"MF,FW",ENG,2002.0
Kayky Chagas,FW,BRA,2003.0
Alejandro Garnacho,"FW,MF",ARG,2004.0
Cristiano Ronaldo,FW,POR,1985.0
Diogo Dalot,DF,POR,1999.0
Jadon Sancho,"FW,MF",ENG,2000.0
Phil Jones,DF,ENG,1992.0
Raphaël Varane,DF,FRA,1993.0
Bruno Guimarães,MF,BRA,1997.0
Freddie Woodman,GK,ENG,1997.0
Kieran Trippier,DF,ENG,1990.0
Adam Idah,"FW,MF",IRL,2001.0
Andrew Omobamidele,DF,IRL,2002.0
Angus Gunn,GK,SCO,1996.0
Bali Mumba,DF,ENG,2001.0
Ben Gibson,DF,ENG,1993.0
Christoph Zimmermann,DF,GER,1993.0
Christos Tzolis,"FW,MF",GRE,2002.0
Dimitris Giannoulis,DF,GRE,1995.0
Grant Hanley,DF,SCO,1991.0
Jakob Sørensen,"MF,DF",DEN,1998.0
Jonathan Rowe,"FW,MF",ENG,2003.0
Josh Sargent,"FW,MF",USA,2000.0
Kenny McLean,MF,SCO,1992.0
Kieran Dowell,"FW,MF",ENG,1997.0
Lukas Rupp,MF,GER,1991.0
Mathias Normann,MF,NOR,1996.0
Max Aarons,DF,ENG,2000.0
Milot Rashica,"FW,MF",KVX,1996.0
Pierre Lees-Melou,MF,FRA,1993.0
Przemysław Płacheta,"FW,MF",POL,1998.0
Sam Byram,DF,ENG,1993.0
Teemu Pukki,FW,FIN,1990.0
Tim Krul,GK,NED,1988.0
Todd Cantwell,"FW,MF",ENG,1998.0
Tony Springett,"MF,FW",IRL,2002.0
Adam Armstrong,FW,ENG,1997.0
Armando Broja,FW,ALB,2001.0
Lyanco,DF,BRA,1997.0
Mohamed Elyounoussi,"MF,FW",NOR,1994.0
Romain Perraud,DF,FRA,1997.0
Valentino Livramento,DF,ENG,2002.0
Bryan Gil,"FW,MF",ESP,2001.0
Cristian Romero,DF,ARG,1998.0
Dejan Kulusevski,"MF,FW",SWE,2000.0
Emerson,"DF,MF",BRA,1999.0
Oliver Skipp,MF,ENG,2000.0
Rodrigo Bentancur,MF,URU,1997.0
Ryan Sessegnon,"DF,MF",ENG,2000.0
Adam Masina,DF,MAR,1994.0
Ashley Fletcher,FW,ENG,1995.0
Ben Foster,GK,ENG,1983.0
Christian Kabasele,DF,BEL,1991.0
Craig Cathcart,DF,NIR,1989.0
Cucho,"FW,MF",COL,1999.0
Dan Gosling,MF,ENG,1990.0
Daniel Bachmann,GK,AUT,1994.0
Danny Rose,DF,ENG,1990.0
Edo Kayembe,MF,COD,1998.0
Emmanuel Dennis,"FW,MF",NGA,1997.0
Francisco Sierralta,DF,CHI,1997.0
Hassane Kamara,DF,CIV,1994.0
Imran Louza,MF,MAR,1999.0
Ismaila Sarr,"FW,MF",SEN,1998.0
Jeremy Ngakia,DF,,2000.0
João Pedro,"FW,MF",BRA,2001.0
Juraj Kucka,MF,SVK,1987.0
Ken Sema,"MF,FW",SWE,1993.0
Kiko Femenía,DF,ESP,1991.0
Nicolas Nkoulou,DF,CMR,1990.0
Oghenekaro Etebo,MF,NGA,1995.0
Ozan Tufan,MF,TUR,1995.0
Samir Santos,DF,BRA,1994.0
Samuel Kalu,FW,NGA,1997.0
Tom Cleverley,MF,ENG,1989.0
Troy Deeney,FW,ENG,1988.0
William Troost-Ekong,DF,NGA,1993.0
Alex Král,MF,CZE,1998.0
Daniel Chesters,MF,ENG,2002.0
Harrison Ashby,DF,SCO,2001.0
Nikola Vlašić,"FW,MF",CRO,1997.0
Sonny Perkins,MF,ENG,2004.0
Chem Campbell,MF,WAL,2002.0
Chiquinho,"DF,FW",POR,2000.0
Francisco Trincão,"FW,MF",POR,1999.0
Hwang Hee-chan,"FW,MF",KOR,1996.0
José Sá,GK,POR,1993.0
Luke Cundle,MF,ENG,2002.0
Toti Gomes,DF,POR,1999.0
Ethan Nwaneri,FW,ENG,2007.0
Fabio Vieira,"MF,FW",POR,2000.0
Jakub Kiwior,DF,POL,2000.0
Marquinhos,MF,BRA,2003.0
William Saliba,DF,FRA,2001.0
Boubacar Kamara,MF,FRA,1999.0
Diego Carlos,DF,BRA,1993.0
Jáder Durán,"FW,MF",COL,2003.0
Ludwig Augustinsson,DF,SWE,1994.0
Álex Moreno,DF,ESP,1993.0
Adam Smith,DF,ENG,1991.0
Antoine Semenyo,"FW,MF",GHA,2000.0
Ben Pearson,MF,ENG,1995.0
Chris Mepham,DF,WAL,1997.0
Dango Ouattara,"MF,FW",BFA,2002.0
David Brooks,"FW,MF",WAL,1997.0
Dominic Solanke,"FW,MF",ENG,1997.0
Emiliano Marcondes,MF,DEN,1995.0
Hamed Junior Traorè,"FW,MF",CIV,2000.0
Illia Zabarnyi,DF,UKR,2002.0
Jack Stacey,DF,ENG,1996.0
Jaidon Anthony,"MF,FW",ENG,1999.0
Jamal Lowe,"MF,FW",JAM,1994.0
Jefferson Lerma,MF,COL,1994.0
Joe Rothwell,MF,ENG,1995.0
Jordan Zemura,DF,ZIM,1999.0
Junior Stanislas,MF,ENG,1989.0
Kieffer Moore,FW,WAL,1992.0
Lewis Cook,MF,ENG,1997.0
Lloyd Kelly,DF,ENG,1998.0
Marcos Senesi,DF,ARG,1997.0
Marcus Tavernier,"MF,FW",ENG,1999.0
Mark Travers,GK,IRL,1999.0
Matías Viña,DF,URU,1997.0
Neto,GK,BRA,1989.0
Owen Bevan,DF,WAL,2003.0
Philip Billing,"MF,FW",DEN,1996.0
Ryan Christie,"MF,FW",SCO,1995.0
Siriki Dembélé,"FW,MF",CIV,1996.0
Aaron Hickey,DF,SCO,2002.0
Halil Dervişoğlu,MF,TUR,1999.0
Keane Lewis-Potter,"FW,MF",ENG,2001.0
Kevin Schade,FW,GER,2001.0
Mikkel Damsgaard,"MF,FW",DEN,2000.0
Andrew Moran,FW,IRL,2003.0
Cameron Peupion,MF,AUS,2002.0
Deniz Undav,"FW,MF",GER,1996.0
Facundo Buonanotte,"FW,MF",ARG,2004.0
Jack Hinshelwood,FW,ENG,2005.0
Jan Paul van Hecke,DF,NED,2000.0
Julio Enciso,"FW,MF",PAR,2004.0
Kaoru Mitoma,"FW,MF",JPN,1997.0
Levi Colwill,DF,ENG,2003.0
Odeluga Offiah,DF,ENG,2002.0
Pervis Estupiñán,DF,ECU,1998.0
Yasin Ayari,MF,SWE,2003.0
Benoît Badiashile,DF,FRA,2001.0
David Datro Fofana,FW,CIV,2002.0
Denis Zakaria,MF,SUI,1996.0
Enzo Fernández,MF,ARG,2001.0
João Félix,"FW,MF",POR,1999.0
Kalidou Koulibaly,DF,SEN,1991.0
Lewis Hall,DF,ENG,2004.0
Mykhailo Mudryk,"FW,MF",UKR,2001.0
Noni Madueke,FW,ENG,2002.0
Omari Hutchinson,FW,ENG,2003.0
Cheick Doucouré,MF,MLI,2000.0
Chris Richards,DF,USA,2000.0
David Ozoh,FW,ENG,2005.0
Joseph Whitworth,GK,ENG,2004.0
Malcolm Ebiowei,"MF,FW",ENG,2003.0
Naouirou Ahamada,"MF,FW",FRA,2002.0
Amadou Onana,MF,BEL,2001.0
Idrissa Gana Gueye,MF,SEN,1989.0
James Garner,"MF,DF",ENG,2001.0
Nathan Patterson,"DF,MF",SCO,2001.0
Thomas Cannon,FW,IRL,2002.0
Andreas Pereira,MF,BRA,1996.0
Harry Wilson,FW,WAL,1997.0
Jay Stansfield,FW,ENG,2002.0
João Palhinha,MF,POR,1995.0
Kevin Mbabu,"DF,FW",SUI,1995.0
Layvin Kurzawa,DF,FRA,1992.0
Luke Harris,"MF,FW",WAL,2005.0
Manor Solomon,FW,ISR,1999.0
Nathaniel Chalobah,MF,ENG,1994.0
Saša Lukić,MF,SRB,1996.0
Brenden Aaronson,"MF,FW",USA,2000.0
Darko Gyabi,FW,ENG,2004.0
Georginio Rutter,"FW,MF",FRA,2002.0
Joel Robles,GK,ESP,1990.0
Luis Sinisterra,FW,COL,1999.0
Marc Roca,MF,ESP,1996.0
Mateo Joseph,"FW,MF",ESP,2003.0
Maximilian Wöber,DF,AUT,1998.0
Rasmus Kristensen,DF,DEN,1997.0
Tyler Adams,MF,USA,1999.0
Weston McKennie,MF,USA,1998.0
Wilfried Gnonto,"FW,MF",ITA,2003.0
Daniel Iversen,GK,DEN,1997.0
Harry Souttar,DF,AUS,1998.0
Tetê,FW,BRA,2000.0
Victor Bernth Kristiansen,DF,DEN,2002.0
Wout Faes,DF,BEL,1998.0
Ben Gannon-Doak,FW,SCO,2005.0
Bobby Clark,MF,ENG,2005.0
Cody Gakpo,"FW,MF",NED,1999.0
Darwin Núñez,FW,URU,1999.0
Stefan Bajcetic,MF,ESP,2004.0
Erling Haaland,FW,NOR,2000.0
Julián Álvarez,"FW,MF",ARG,2000.0
Manuel Akanji,DF,SUI,1995.0
Máximo Perrone,MF,ARG,2003.0
Rico Lewis,"DF,MF",ENG,2004.0
Sergio Gómez,"DF,MF",ESP,2000.0
Shea Charles,DF,NIR,2003.0
Stefan Ortega,GK,GER,1992.0
Antony,FW,BRA,2000.0
Casemiro,MF,BRA,1992.0
Facundo Pellistri,"FW,MF",URU,2001.0
Kobbie Mainoo,MF,ENG,2005.0
Lisandro Martínez,DF,ARG,1998.0
Marcel Sabitzer,MF,AUT,1994.0
Tyrell Malacia,DF,NED,1999.0
Alexander Isak,FW,SWE,1999.0
Lewis Miley,MF,ENG,2006.0
Sven Botman,DF,NED,2000.0
Alex Mighten,FW,ENG,2002.0
André Ayew,"FW,MF",GHA,1989.0
Brennan Johnson,"FW,MF",WAL,2001.0
Cafú,MF,POR,1993.0
Danilo,MF,BRA,2001.0
Felipe,DF,BRA,1989.0
Giulian Biancone,DF,FRA,2000.0
Gustavo Scarpa,"MF,FW",BRA,1994.0
Harry Toffolo,DF,ENG,1995.0
Jack Colback,MF,ENG,1989.0
Joe Worrall,DF,ENG,1997.0
Keylor Navas,GK,CRC,1986.0
Lewis O'Brien,MF,ENG,1998.0
Moussa Niakhate,DF,SEN,1996.0
Orel Mangala,MF,BEL,1998.0
Remo Freuler,MF,SUI,1992.0
Renan Lodi,DF,BRA,1998.0
Ryan Yates,MF,ENG,1997.0
Sam Surridge,FW,ENG,1998.0
Scott McKenna,DF,SCO,1996.0
Steve Cook,DF,ENG,1991.0
Taiwo Awoniyi,FW,NGA,1997.0
Armel Bella Kotchap,DF,GER,2001.0
Carlos Alcaraz,"MF,FW",ARG,2002.0
Dominic Ballard,"FW,MF",ENG,2005.0
Duje Ćaleta-Car,DF,CRO,1996.0
Gavin Bazunu,GK,IRL,2002.0
James Bree,DF,ENG,1997.0
Joe Aribo,"MF,FW",NGA,1996.0
Juan Larios,DF,ESP,2004.0
Kamaldeen Sulemana,"FW,MF",GHA,2002.0
Kami Doyle,MF,ENG,2005.0
Mislav Oršić,MF,CRO,1992.0
Paul Onuachu,FW,NGA,1994.0
Roméo Lavia,MF,BEL,2004.0
Samuel Amo-Ameyaw,MF,ENG,2006.0
Samuel Edozie,"FW,MF",ENG,2003.0
Sekou Mara,"FW,MF",FRA,2002.0
Arnaut Danjuma,"FW,MF",NED,1997.0
Clément Lenglet,DF,FRA,1995.0
Djed Spence,"FW,DF",ENG,2000.0
George Abbott,MF,ENG,2005.0
Harvey White,MF,ENG,2001.0
Ivan Perišić,"DF,MF",CRO,1989.0
Matthew Craig,MF,SCO,2003.0
Pape Matar Sarr,"MF,FW",SEN,2002.0
Pedro Porro,"DF,MF",ESP,1999.0
Conor Coventry,"MF,FW",IRL,2000.0
Divin Mubama,FW,ENG,2004.0
Flynn Downes,MF,ENG,1999.0
Gianluca Scamacca,FW,ITA,1999.0
Lucas Paquetá,MF,BRA,1997.0
Nayef Aguerd,DF,MAR,1996.0
Thilo Kehrer,DF,GER,1996.0
Boubacar Traoré,MF,MLI,2001.0
Connor Ronan,MF,IRL,1998.0
Daniel Bentley,GK,ENG,1993.0
Dexter Lembikisa,DF,JAM,2003.0
Diego Costa,FW,ESP,1988.0
Gonçalo Guedes,"FW,MF",POR,1996.0
Hugo Bueno,DF,ESP,2002.0
Joseph Hodge,MF,IRL,2002.0
João Gomes,MF,BRA,2001.0
Matheus Cunha,FW,BRA,1999.0
Matheus Nunes,MF,POR,1998.0
Pablo Sarabia,"FW,MF",ESP,1992.0
Sasa Kalajdzic,FW,AUT,1997.0
Jurriën Timber,DF,NED,2001.0
Finley Munroe,MF,ENG,2005.0
Kaine Kesler-Hayden,"MF,DF",ENG,2002.0
Morgan Rogers,"MF,FW",ENG,2002.0
Moussa Diaby,"FW,MF",FRA,1999.0
Nicolò Zaniolo,"FW,MF",ITA,1999.0
Omari Kellyman,FW,ENG,2005.0
Pau Torres,DF,ESP,1997.0
Alex Scott,MF,ENG,2003.0
Dominic Sadi,FW,ENG,2003.0
Enes Ünal,"FW,MF",TUR,1997.0
Ionuț Radu,GK,ROU,1997.0
James Hill,DF,ENG,2002.0
Justin Kluivert,"MF,FW",NED,1999.0
Milos Kerkez,DF,HUN,2003.0
Romain Faivre,"MF,FW",FRA,1998.0
Mark Flekken,GK,NED,1993.0
Michael Olakigbe,"DF,FW",ENG,2004.0
Myles Peart-Harris,"DF,MF",ENG,2002.0
Thomas Strakosha,GK,ALB,1995.0
Yehor Yarmoliuk,MF,UKR,2004.0
Ansu Fati,"MF,FW",ESP,2002.0
Bart Verbruggen,GK,NED,2002.0
Benicio Boaitey,"FW,DF",ENG,2004.0
Carlos Baleba,MF,CMR,2004.0
Igor,DF,BRA,1998.0
Mahmoud Dahoud,MF,GER,1996.0
Mark O'Mahony,FW,IRL,2005.0
Simon Adingra,FW,CIV,2002.0
Valentín Barco,"DF,FW",ARG,2004.0
Aaron Ramsey,"MF,FW",ENG,2003.0
Ameen Al-Dakhil,DF,BEL,2002.0
Anass Zaroury,"FW,MF",MAR,2000.0
Arijanet Muric,GK,KVX,1998.0
Benson Manuel,"MF,FW",ANG,1997.0
Han-Noah Massengo,"MF,DF",FRA,2001.0
Hannes Delcroix,DF,HAI,1999.0
Hjalmar Ekdal,DF,SWE,1998.0
Jacob Bruun Larsen,"MF,FW",DEN,1998.0
James Trafford,GK,ENG,2002.0
Jordan Beyer,DF,GER,2000.0
Josh Cullen,MF,IRL,1996.0
Lorenz Assignon,DF,TOG,2000.0
Luca Koleosho,"MF,FW",ITA,2004.0
Lyle Foster,"FW,MF",RSA,2000.0
Maxime Estève,DF,FRA,2002.0
Mike Trésor,"FW,MF",BEL,1999.0
Vitinho,"DF,MF",BRA,1999.0
Wilson Odobert,"MF,FW",FRA,2004.0
Zeki Amdouni,FW,SUI,2000.0
Alex Matos,MF,ENG,2004.0
Alfie Gilchrist,DF,ENG,2003.0
Axel Disasi,DF,FRA,1998.0
Cesare Casadei,"FW,MF",ITA,2003.0
Christopher Nkunku,"FW,MF",FRA,1997.0
Deivid Washington,"DF,FW",BRA,2005.0
Ian Maatsen,"FW,MF",NED,2002.0
Jimi Tauriainen,FW,ENG,2004.0
Joshua Acheampong,DF,ENG,2006.0
Lesley Ugochukwu,MF,FRA,2004.0
Malo Gusto,DF,FRA,2003.0
Mason Burstow,FW,ENG,2003.0
Nicolas Jackson,FW,SEN,2001.0
Đorđe Petrović,GK,SRB,1999.0
Adam Wharton,MF,ENG,2004.0
Daniel Muñoz,"DF,MF",COL,1996.0
Matheus França,"MF,FW",BRA,2004.0
Remi Matthews,GK,ENG,1994.0
Beto,FW,GNB,1998.0
Lewis Warrington,FW,ENG,2002.0
Youssef Chermiti,FW,POR,2004.0
Calvin Bassey,DF,NGA,1999.0
Fodé Ballo-Touré,"DF,MF",SEN,1997.0
Rodrigo Muniz,FW,BRA,2001.0
Conor Bradley,DF,NIR,2003.0
Dominik Szoboszlai,MF,HUN,2000.0
James McConnell,MF,ENG,2004.0
Jarell Quansah,DF,ENG,2003.0
Jayden Danns,FW,ENG,2006.0
Owen Beck,DF,WAL,2002.0
Ryan Gravenberch,MF,NED,2002.0
Wataru Endo,MF,JPN,1993.0
Alfie Doughty,DF,ENG,1999.0
Amari'i Bell,DF,JAM,1994.0
Carlton Morris,"FW,MF",ENG,1995.0
Cauley Woodrow,"FW,MF",ENG,1994.0
Chiedozie Ogbene,"MF,DF",IRL,1997.0
Daiki Hashioka,DF,JPN,1999.0
Elijah Adebayo,FW,ENG,1998.0
Fred Onyedinma,"DF,MF",ENG,1996.0
Gabriel Osho,DF,NGA,1998.0
Issa Kaboré,DF,BFA,2001.0
Jacob Brown,"MF,FW",SCO,1998.0
James Shea,GK,ENG,1991.0
Jordan Clark,MF,ENG,1993.0
Joseph Johnson,DF,ENG,2006.0
Luke Berry,"MF,DF",ENG,1992.0
Mads Juel Andersen,DF,DEN,1997.0
Pelly Ruddock Mpanzu,MF,COD,1993.0
Reece Burke,DF,ENG,1996.0
Ryan Giles,"DF,MF",ENG,2000.0
Tahith Chong,"MF,FW",CUW,1999.0
Teden Mengi,DF,ENG,2002.0
Thomas Kaminski,GK,BEL,1992.0
Tom Lockyer,DF,WAL,1994.0
Zack Nelson,"MF,DF",ENG,2004.0
Jeremy Doku,"FW,MF",BEL,2002.0
Joško Gvardiol,DF,CRO,2002.0
Oscar Bobb,"FW,MF",NOR,2003.0
André Onana,GK,CMR,1996.0
Daniel Gore,MF,ENG,2004.0
Ethan Wheatley,FW,ENG,2006.0
Omari Forson,FW,ENG,2004.0
Rasmus Højlund,FW,DEN,2003.0
Sofyan Amrabat,"MF,DF",MAR,1996.0
Willy Kambwala,DF,FRA,2004.0
Alex Murphy,"DF,FW",IRL,2004.0
Amadou Diallo,MF,ENG,2003.0
Ben Parkinson,FW,ENG,2005.0
Joe White,MF,ENG,2002.0
Loris Karius,GK,GER,1993.0
Michael Ndiweni,FW,ENG,2003.0
Sandro Tonali,MF,ITA,2000.0
Andrey Santos,MF,BRA,2004.0
Brandon Aguilera,FW,CRC,2003.0
Gio Reyna,"FW,MF",USA,2002.0
Gonzalo Montiel,DF,ARG,1997.0
Ibrahim Sangaré,MF,CIV,1997.0
Matt Turner,GK,USA,1994.0
Matz Sels,GK,BEL,1992.0
Murillo,DF,BRA,2002.0
Nicolás Domínguez,"MF,FW",ARG,1998.0
Odysseas Vlachodimos,GK,GRE,1994.0
Rodrigo Ribeiro,"MF,FW",POR,2005.0
Andre Brooks,"MF,DF",ENG,2003.0
Anel Ahmedhodžić,DF,BIH,1999.0
Anis Ben Slimane,MF,TUN,2001.0
Auston Trusty,DF,USA,1998.0
Ben Brereton,"FW,MF",CHI,1999.0
Bénie Traoré,"FW,MF",CIV,2002.0
Gustavo Hamer,MF,NED,1997.0
Ivo Grbić,GK,CRO,1996.0
Oliver Arblaster,MF,ENG,2004.0
Rhys Norrington-Davies,DF,WAL,1999.0
Ryan One,FW,SCO,2006.0
Sam Curtis,DF,IRL,2005.0
Sydie Peck,MF,ENG,2004.0
Vinicius Souza,MF,BRA,1999.0
Wes Foderingham,GK,ENG,1991.0
William Osula,FW,DEN,2003.0
Yasser Larouci,DF,ALG,2001.0
Alejo Véliz,FW,ARG,2003.0
Destiny Udogie,DF,ITA,2002.0
Guglielmo Vicario,GK,ITA,1996.0
Jamie Donley,FW,NIR,2005.0
Micky van de Ven,DF,NED,2001.0
Mikey Moore,MF,ENG,2007.0
Radu Drăgușin,DF,ROU,2002.0
Edson Álvarez,MF,MEX,1997.0
George Earthy,FW,ENG,2004.0
Kaelan Casey,DF,ENG,2004.0
Konstantinos Mavropanos,DF,GRE,1997.0
Mohammed Kudus,"FW,MF",GHA,2000.0
Enso Gonzalez,"MF,DF",PAR,2005.0
Jean-Ricner Bellegarde,"MF,FW",HAI,1998.0
Leon Chiwome,FW,ENG,2006.0
Nathan Fraser,FW,IRL,2005.0
Santiago Bueno,DF,URU,1998.0
Tawanda Chirewa,"MF,FW",ZIM,2003.0
Tommy Doyle,MF,ENG,2001.0
Mikel Merino,"MF,FW",ESP,1996.0
Myles Lewis-Skelly,DF,ENG,2006.0
Nathan Butler-Oyedeji,FW,ENG,2003.0
Riccardo Calafiori,DF,ITA,2002.0
Andrés García,"DF,MF",ESP,2003.0
Donyell Malen,FW,NED,1999.0
Kosta Nedeljković,DF,SRB,2005.0
Lamare Bogarde,"DF,MF",NED,2004.0
Marco Asensio,MF,ESP,1996.0
Ben Winterburn,"MF,FW",ENG,2004.0
Dean Huijsen,DF,ESP,2005.0
Evanilson,FW,BRA,1999.0
Julian Araujo,DF,MEX,2001.0
Julio Soler,"DF,FW",ARG,2005.0
Remy Rees-Dottin,FW,ENG,2006.0
Zain Silcott-Duberry,FW,MSR,2005.0
Edmond-Paris Maghoma,"MF,FW",ENG,2001.0
Gustavo Nunes,"FW,MF",BRA,2005.0
Hákon Valdimarsson,GK,ISL,2001.0
Jayden Meghoma,DF,ENG,2006.0
Kim Jisoo,DF,KOR,2004.0
Michael Kayode,DF,ITA,2004.0
Ryan Trevitt,MF,ENG,2003.0
Sepp van den Berg,DF,NED,2001.0
Thiago,"FW,MF",BRA,2001.0
Yunus Emre Konak,"FW,MF",TUR,2006.0
Brajan Gruda,"MF,FW",GER,2004.0
Diego Gómez,MF,PAR,2003.0
Eiran Cashin,DF,IRL,2001.0
Ferdi Kadioglu,"DF,MF",TUR,1999.0
Harry Howell,FW,ENG,2008.0
Mats Wieffer,"DF,MF",NED,1999.0
Matt O'Riley,MF,DEN,2000.0
Yankuba Minteh,"FW,MF",GAM,2004.0
Filip Jørgensen,GK,DEN,2002.0
Marc Guiu,FW,ESP,2006.0
Mathis Amougou,MF,FRA,2006.0
Renato Veiga,"DF,MF",POR,2003.0
Shumaira Mheuka,MF,ENG,2007.0
Tyrique George,FW,ENG,2006.0
Asher Agbinone,MF,ENG,2005.0
Caleb Kporha,DF,ENG,2006.0
Chadi Riad,DF,MAR,2003.0
Daichi Kamada,MF,JPN,1996.0
Justin Devenny,MF,NIR,2003.0
Maxence Lacroix,DF,FRA,2000.0
Romain Esse,MF,ENG,2005.0
Harrison Armstrong,MF,ENG,2007.0
Jake O'Brien,DF,IRL,2001.0
Jesper Lindstrøm,FW,DEN,2000.0
Roman Dixon,DF,ENG,2004.0
Jorge Cuenca,DF,ESP,1999.0
Martial Godo,"FW,DF",ENG,2003.0
Alex Palmer,GK,ENG,1996.0
Ali Al Hamadi,FW,IRQ,2002.0
Cameron Burgess,DF,AUS,1995.0
Christian Walton,GK,ENG,1995.0
Conor Chaplin,"MF,FW",ENG,1997.0
George Edmundson,DF,ENG,1997.0
George Hirst,FW,SCO,1999.0
Harry Clarke,DF,ENG,2001.0
Jack Clarke,"FW,MF",ENG,2000.0
Jack Taylor,MF,IRL,1998.0
Jacob Greaves,DF,ENG,2000.0
Jens Cajuste,MF,SWE,1999.0
Luke Woolfenden,DF,ENG,1998.0
Marcus Harness,MF,ENG,1996.0
Massimo Luongo,MF,AUS,1992.0
Sam Morsy,MF,EGY,1991.0
Sammie Szmodics,"FW,MF",IRL,1995.0
Wes Burns,"FW,DF",WAL,1994.0
Abdul Fatawu Issahaku,FW,GHA,2004.0
Bilal El Khannouss,"MF,FW",MAR,2004.0
Caleb Okoli,DF,ITA,2001.0
Jake Evans,FW,,
Jakub Stolarczyk,GK,POL,2000.0
Jeremy Monga,"FW,MF",,2009.0
Mads Hermansen,GK,DEN,2000.0
Michael Golding,MF,ENG,2006.0
Olabade Aluko,DF,,
Stephy Mavididi,FW,ENG,1998.0
Will Alves,FW,ENG,2005.0
Woyo Coulibaly,DF,MLI,1999.0
Federico Chiesa,FW,ITA,1997.0
Vitezslav Jaros,GK,CZE,2001.0
Abdukodir Khusanov,DF,UZB,2004.0
Claudio Echeverri,FW,ARG,2006.0
Jahmai Simpson-Pusey,DF,ENG,2005.0
Nico O’Reilly,DF,ENG,2005.0
Nicolás González,MF,ESP,2002.0
Omar Marmoush,"FW,MF",EGY,1999.0
Sávio,"FW,MF",BRA,2004.0
Vitor Reis,DF,BRA,2006.0
Altay Bayındır,GK,TUR,1998.0
Ayden Heaven,DF,ENG,2006.0
Chidozie Obi-Martin,FW,DEN,2007.0
Harry Amass,DF,ENG,2007.0
Joshua Zirkzee,"FW,MF",NED,2001.0
Leny Yoro,DF,FRA,2005.0
Manuel Ugarte,MF,URU,2001.0
Matthijs de Ligt,DF,NED,1999.0
Noussair Mazraoui,DF,MAR,1997.0
Patrick Dorgu,DF,DEN,2004.0
Toby Collyer,MF,ENG,2004.0
Tyler Fredricson,DF,ENG,2005.0
Eric da Silva Moreira,"MF,DF",GER,2006.0
Jota Silva,"FW,MF",POR,1999.0
Morato,DF,BRA,2001.0
Nikola Milenković,DF,SRB,1997.0
Ramón Sosa,"FW,MF",PAR,1999.0
Albert Grønbaek,"FW,MF",DEN,2001.0
Jay Robinson,"MF,FW",ENG,2007.0
Joachim Kayi Sanda,DF,FRA,2006.0
Joe Lumley,GK,ENG,1995.0
Mateus Fernandes,MF,POR,2004.0
Nathan Wood-Gordon,DF,ENG,2002.0
Ronnie Edwards,DF,ENG,2003.0
Ross Stewart,FW,SCO,1996.0
Ryan Manning,"DF,MF",IRL,1996.0
Taylor Harwood-Bellis,DF,ENG,2002.0
Tyler Dibling,"FW,MF",ENG,2006.0
Welington,DF,BRA,2001.0
Yukinari Sugawara,"DF,MF",JPN,2000.0
Alfie Dorrington,DF,ENG,2005.0
Antonín Kinský,GK,CZE,2003.0
Archie Gray,"DF,MF",ENG,2006.0
Brandon Austin,GK,ENG,1999.0
Kevin Danso,DF,AUT,1998.0
Lucas Bergvall,MF,SWE,2006.0
Mathys Tel,FW,FRA,2005.0
Will Lankshear,"FW,MF",ENG,2005.0
Andy Irving,MF,SCO,2000.0
Carlos Soler,"MF,FW",ESP,1997.0
Guido Rodríguez,MF,ARG,1994.0
Jean-Clair Todibo,DF,FRA,1999.0
Lewis Orford,MF,ENG,2006.0
Luis Guilherme,"MF,FW",BRA,2006.0
Niclas Füllkrug,FW,GER,1993.0
Oliver Scarles,"DF,FW",ENG,2005.0
Alfie Pond,DF,ENG,2004.0
André,MF,BRA,2001.0
Carlos Forbs,"MF,FW",POR,2004.0
Emmanuel Agbadou,DF,CIV,1997.0
Jørgen Strand Larsen,FW,NOR,2000.0
Marshall Munetsi,"MF,FW",ZIM,1996.0
Mateus Mane,MF,POR,2007.0
Nasser Djiga,DF,BFA,2002.0
Pedro Lima,DF,BRA,2006.0
Rodrigo Gomes,"DF,FW",POR,2003.0
Tom King,GK,WAL,1995.0
Yerson Mosquera,DF,COL,2001.0
